Competitor Name,Competition,Round,Place,Single,Average,Solve 1,Solve 2,Solve 3,Solve 4,Solve 5
Max Park,Cubing on the Plains at Auburn 2025,Final,1,5.03,5.40,5.29,5.84,5.74,5.03,5.18
Max Park,Cubing on the Plains at Auburn 2025,Second round,1,4.91,5.25,5.32,5.22,5.60,5.22,4.91
Max Park,Cubing on the Plains at Auburn 2025,First round,1,5.15,5.63,5.52,7.31,5.15,5.82,5.56
Max Park,Santa Barbara Winter 2025,Final,1,4.97,5.88,5.52,4.97,6.13,5.99,6.52
Max Park,Santa Barbara Winter 2025,Second round,1,4.59,5.94,6.79,6.21,4.59,5.68,5.93
Max Park,Santa Barbara Winter 2025,First round,1,4.72,6.22,6.84,6.18,6.70,5.79,4.72
Max Park,CubeChella 2024,Final,1,4.80,5.34,5.19,6.21,5.61,4.80,5.22
Max Park,CubeChella 2024,Second round,1,5.16,5.47,5.62,5.62,5.18,5.16,5.69
Max Park,CubeChella 2024,First round,1,4.83,5.11,4.98,4.83,5.42,4.99,5.37
Max Park,Vegas Cubing Cup Fall 2024,Final,1,4.95,6.33,4.95,7.06,6.71,7.25,5.21
Max Park,Vegas Cubing Cup Fall 2024,Second round,1,5.99,6.48,6.35,6.46,5.99,7.32,6.64
Max Park,Vegas Cubing Cup Fall 2024,First round,1,5.25,5.59,5.52,5.98,5.25,6.08,5.27
Max Park,Temecula Valley Fall 2024,Final,1,5.46,6.24,5.46,7.08,5.91,7.29,5.73
Max Park,Temecula Valley Fall 2024,Second round,1,5.15,5.88,6.77,6.64,5.36,5.15,5.63
Max Park,Temecula Valley Fall 2024,First round,1,5.35,5.76,5.81,5.87,6.24,5.35,5.59
Max Park,Super Duper San Diego 2024,Final,1,4.73,5.90,6.18,6.08,6.03,5.60,4.73
Max Park,Super Duper San Diego 2024,Semi Final,1,4.36,5.80,6.21,5.69,4.36,5.76,5.96
Max Park,Super Duper San Diego 2024,Second round,1,4.89,5.75,5.99,6.30,5.97,5.29,4.89
Max Park,Super Duper San Diego 2024,First round,1,5.35,5.62,5.35,5.57,5.71,6.06,5.59
Max Park,Aliso Niguel Summer 2024,Final,1,5.31,5.75,6.50,5.45,5.49,5.31,6.32
Max Park,Aliso Niguel Summer 2024,Second round,1,5.28,5.49,5.40,5.57,5.28,6.47,5.49
Max Park,Aliso Niguel Summer 2024,First round,1,5.47,5.84,5.82,6.29,5.94,5.75,5.47
Max Park,Vegas Cubing Cup Summer 2024,Final,1,4.83,5.45,5.26,5.06,4.83,6.62,6.04
Max Park,Vegas Cubing Cup Summer 2024,Second round,1,5.08,6.04,5.08,5.86,6.37,5.90,6.76
Max Park,Vegas Cubing Cup Summer 2024,First round,1,5.44,5.96,6.31,5.91,5.44,6.82,5.67
Max Park,CubingUSA Western Championship 2024,Final,1,5.21,6.45,7.11,9.46,6.27,5.98,5.21
Max Park,CubingUSA Western Championship 2024,Semi Final,1,4.99,5.30,5.55,5.04,5.56,4.99,5.30
Max Park,CubingUSA Western Championship 2024,Second round,1,5.51,6.11,5.51,6.35,6.61,6.16,5.82
Max Park,CubingUSA Western Championship 2024,First round,1,5.22,5.49,5.81,5.61,5.22,5.43,5.44
Max Park,Rubik's WCA North American Championship 2024,Final,2,5.09,5.69,5.69,5.57,5.80,5.09,6.11
Max Park,Rubik's WCA North American Championship 2024,Semi Final,2,5.37,5.66,5.38,6.09,6.00,5.60,5.37
Max Park,Rubik's WCA North American Championship 2024,Second round,4,5.16,5.88,5.71,5.79,6.28,6.13,5.16
Max Park,Rubik's WCA North American Championship 2024,First round,2,4.75,5.35,5.34,6.10,5.07,4.75,5.63
Max Park,Nub Open Mission Viejo Summer 2024,Final,1,5.37,5.90,5.37,5.70,6.30,5.72,6.28
Max Park,Nub Open Mission Viejo Summer 2024,Second round,1,5.04,5.43,5.06,5.24,6.18,5.04,5.99
Max Park,Nub Open Mission Viejo Summer 2024,First round,1,4.92,5.42,4.92,6.16,5.45,4.92,5.89
Max Park,Colorado Mountain Tour - Glenwood Springs 2024,Final,1,5.40,5.80,6.27,5.61,5.55,5.40,6.23
Max Park,Colorado Mountain Tour - Glenwood Springs 2024,Second round,1,5.47,5.83,6.41,5.77,5.47,6.04,5.68
Max Park,Colorado Mountain Tour - Glenwood Springs 2024,First round,1,5.52,5.81,5.52,6.18,5.67,5.57,6.48
Max Park,Colorado Mountain Tour - Avon 2024,Final,1,5.58,6.09,9.06,6.43,6.16,5.58,5.67
Max Park,Colorado Mountain Tour - Avon 2024,Second round,1,5.04,5.63,5.04,5.40,5.92,5.67,5.81
Max Park,Colorado Mountain Tour - Avon 2024,First round,1,5.25,5.90,6.22,5.58,5.25,6.24,5.90
Max Park,Colorado Mountain Tour - Frisco 2024,Final,2,5.21,6.88,6.99,7.24,5.21,6.72,6.94
Max Park,Colorado Mountain Tour - Frisco 2024,Second round,1,5.72,6.19,5.84,7.28,5.72,5.92,6.80
Max Park,Colorado Mountain Tour - Frisco 2024,First round,1,5.77,6.48,6.71,6.74,5.77,5.99,7.32
Max Park,Colorado Mountain Tour - Evergreen 2024,Final,1,5.45,6.14,5.87,6.41,6.13,5.45,7.04
Max Park,Colorado Mountain Tour - Evergreen 2024,Second round,1,4.83,5.82,6.34,4.83,7.79,5.23,5.90
Max Park,Colorado Mountain Tour - Evergreen 2024,First round,1,5.11,5.98,6.14,5.67,5.11,6.14,6.54
Max Park,Temecula Valley Spring 2024,Final,1,5.70,6.80,6.47,7.50,6.83,7.11,5.70
Max Park,Temecula Valley Spring 2024,Second round,1,5.12,5.90,7.01,5.34,5.12,5.35,7.48
Max Park,Temecula Valley Spring 2024,First round,1,5.64,6.10,6.93,5.99,6.44,5.64,5.88
Max Park,San Diego Big Cub 2024,Final,1,4.65,5.51,5.30,5.83,7.29,5.41,4.65
Max Park,San Diego Big Cub 2024,Second round,1,5.11,5.70,5.51,5.11,5.83,5.76,6.03
Max Park,San Diego Big Cub 2024,First round,1,5.02,5.51,5.09,7.00,5.08,5.02,6.35
Max Park,Nub Open Yucaipa 2024,Final,1,4.44,5.79,6.01,4.44,5.92,5.47,5.98
Max Park,Nub Open Yucaipa 2024,Second round,1,5.04,5.76,5.86,5.21,5.04,6.21,6.31
Max Park,Nub Open Yucaipa 2024,First round,1,4.99,5.58,5.59,5.66,4.99,7.41,5.49
Max Park,Los Angeles Newcomers 2024,Final,1,5.13,5.66,5.13,5.64,5.92,5.67,5.67
Max Park,Los Angeles Newcomers 2024,Second round,1,4.81,6.05,6.71,6.01,5.44,6.85,4.81
Max Park,Los Angeles Newcomers 2024,First round,,5.41,5.82,5.77,6.20,5.93,5.41,5.76
Max Park,Baja Spring 2024,Final,1,5.04,6.11,8.98,6.76,5.71,5.04,5.87
Max Park,Baja Spring 2024,Second round,1,4.76,5.31,5.39,5.19,5.34,6.25,4.76
Max Park,Baja Spring 2024,First round,1,5.50,6.05,5.83,6.29,6.03,5.50,6.81
Max Park,DFW Megacomp 2024,Final,6,6.63,7.94,6.63,7.65,7.98,8.61,8.18
Max Park,DFW Megacomp 2024,Semi Final,1,5.45,5.99,5.86,5.45,6.57,5.54,7.61
Max Park,DFW Megacomp 2024,Second round,1,5.24,5.30,5.60,5.37,5.24,5.30,5.24
Max Park,DFW Megacomp 2024,First round,1,5.16,5.65,5.50,6.10,5.16,5.60,5.85
Max Park,Fullerton Winter 2024,Final,1,4.91,5.42,6.37,5.01,5.31,5.93,4.91
Max Park,Fullerton Winter 2024,Second round,1,6.17,6.98,6.32,7.26,7.37,6.17,7.58
Max Park,Fullerton Winter 2024,First round,1,5.06,5.46,5.06,5.92,5.08,6.12,5.39
Max Park,Triton Tricubealon 2024,Final,1,4.88,5.43,6.28,5.27,5.22,4.88,5.80
Max Park,Triton Tricubealon 2024,Semi Final,1,4.59,5.41,5.30,5.42,5.50,5.56,4.59
Max Park,Triton Tricubealon 2024,Second round,1,5.41,5.74,5.92,5.46,5.83,6.01,5.41
Max Park,Triton Tricubealon 2024,First round,1,4.97,6.02,6.82,6.17,4.97,6.86,5.07
Max Park,USC Cubing 2024,Final,1,4.98,5.84,5.14,4.98,6.08,6.29,6.68
Max Park,USC Cubing 2024,Second round,1,5.04,5.67,5.65,6.39,5.06,5.04,6.31
Max Park,USC Cubing 2024,First round,1,5.08,5.92,5.96,5.08,5.67,6.13,6.41
Ruihang Xu,Hangzhou Open 2024,Final,3,4.44,5.30,6.68,5.94,4.92,4.44,5.03
Ruihang Xu,Hangzhou Open 2024,Second round,9,5.08,6.36,7.39,5.08,6.35,6.06,6.67
Ruihang Xu,Hangzhou Open 2024,First round,3,4.05,5.11,5.22,5.64,4.46,7.11,4.05
Ruihang Xu,Rubik's WCA Asian Championship 2024,Final,8,3.24,5.83,5.73,3.24,6.96,5.75,6.01
Ruihang Xu,Rubik's WCA Asian Championship 2024,Semi Final,8,5.29,6.13,5.29,6.41,6.07,6.50,5.91
Ruihang Xu,Rubik's WCA Asian Championship 2024,Second round,1,4.39,5.03,5.13,4.99,4.98,6.99,4.39
Ruihang Xu,Rubik's WCA Asian Championship 2024,First round,4,4.53,5.11,5.36,5.70,5.26,4.53,4.71
Ruihang Xu,Korean Championship 2024,Final,1,4.00,5.38,5.79,4.00,5.52,4.84,6.28
Ruihang Xu,Korean Championship 2024,Semi Final,1,4.67,5.27,5.99,5.01,4.81,4.67,7.62
Ruihang Xu,Korean Championship 2024,Second round,1,5.21,5.82,7.52,5.83,5.21,5.74,5.89
Ruihang Xu,Korean Championship 2024,First round,1,4.32,5.59,5.79,5.09,5.90,4.32,6.04
Ruihang Xu,Xi'an Open 2024,Final,4,4.72,5.56,5.30,5.33,6.04,6.27,4.72
Ruihang Xu,Xi'an Open 2024,Semi Final,2,4.76,5.33,6.28,4.89,6.16,4.95,4.76
Ruihang Xu,Xi'an Open 2024,Second round,3,4.23,4.92,5.20,4.23,4.31,5.25,5.58
Ruihang Xu,Xi'an Open 2024,First round,3,4.63,5.53,5.94,5.99,4.63,5.69,4.97
Ruihang Xu,Chengdu Summer 2024,Final,1,5.42,5.54,5.47,5.42,5.46,7.24,5.69
Ruihang Xu,Chengdu Summer 2024,Second round,2,4.61,5.41,6.71,5.40,5.75,4.61,5.08
Ruihang Xu,Chengdu Summer 2024,First round,3,5.30,5.85,6.00,5.30,5.84,5.75,5.95
Ruihang Xu,Huzhou Open 2024,Final,1,4.09,5.74,5.92,4.09,6.69,5.35,5.96
Ruihang Xu,Huzhou Open 2024,Second round,1,4.52,4.84,4.65,5.20,5.93,4.52,4.67
Ruihang Xu,Huzhou Open 2024,First round,6,5.09,7.39,6.04,10.77,0,5.09,5.35
Ruihang Xu,Hefei Winter Open 2023,Final,1,4.60,5.75,5.82,5.59,4.60,6.30,5.84
Ruihang Xu,Hefei Winter Open 2023,Second round,3,4.96,6.04,4.96,6.15,6.05,5.93,6.86
Ruihang Xu,Hefei Winter Open 2023,First round,1,4.69,5.26,5.78,6.04,5.11,4.69,4.90
Ruihang Xu,Rubik's WCA World Championship 2023,Final,4,4.73,5.59,5.73,5.21,5.91,4.73,5.82
Ruihang Xu,Rubik's WCA World Championship 2023,Semi Final,2,4.81,5.31,4.92,6.48,5.90,5.10,4.81
Ruihang Xu,Rubik's WCA World Championship 2023,Second round,1,5.12,5.38,5.12,5.25,5.87,5.31,5.58
Ruihang Xu,Rubik's WCA World Championship 2023,First round,4,4.25,5.31,4.25,5.63,6.66,5.02,5.27
Ruihang Xu,Vietnam Championship 2023,Final,1,4.69,5.31,5.48,5.53,4.69,4.92,5.79
Ruihang Xu,Vietnam Championship 2023,Second round,1,4.01,5.01,4.01,4.87,4.60,6.12,5.56
Ruihang Xu,Vietnam Championship 2023,First round,1,4.73,5.57,6.15,5.38,8.01,4.73,5.18
Ruihang Xu,Hong Kong Small Cube Day 2023,Final,1,4.43,5.64,4.43,7.58,5.66,5.28,5.97
Ruihang Xu,Hong Kong Small Cube Day 2023,Semi Final,1,4.71,5.11,4.71,5.18,5.64,4.99,5.16
Ruihang Xu,Hong Kong Small Cube Day 2023,Second round,2,5.23,5.98,6.10,5.52,7.14,6.33,5.23
Ruihang Xu,Hong Kong Small Cube Day 2023,First round,3,4.86,6.42,7.59,6.66,6.12,6.49,4.86
Ruihang Xu,Hong Kong Cube Day 2023,Final,1,4.17,6.03,5.92,5.48,6.68,4.17,6.95
Ruihang Xu,Hong Kong Cube Day 2023,First round,1,4.73,5.84,7.54,5.92,5.34,6.25,4.73
Ruihang Xu,Singapore Championship 2023,Final,2,4.74,5.37,5.73,4.74,6.90,5.22,5.17
Ruihang Xu,Singapore Championship 2023,Semi Final,1,4.71,5.23,5.02,4.71,5.76,4.90,5.78
Ruihang Xu,Singapore Championship 2023,Second round,2,4.81,5.19,4.81,5.34,4.99,5.25,5.58
Ruihang Xu,Singapore Championship 2023,First round,2,5.50,6.03,6.72,5.56,5.82,0,5.50
Ruihang Xu,Wuhan Open 2021,Final,1,5.31,6.15,DNF,6.74,5.45,6.26,5.31
Ruihang Xu,Wuhan Open 2021,Second round,1,5.04,5.60,5.77,6.41,5.15,5.88,5.04
Ruihang Xu,Wuhan Open 2021,First round,1,4.06,5.48,5.48,5.52,5.45,4.06,7.51
Ruihang Xu,Guangdong Open 2021,Final,4,5.59,6.59,6.04,8.10,8.45,5.62,5.59
Ruihang Xu,Guangdong Open 2021,Semi Final,2,5.01,5.78,5.55,6.56,5.01,9.11,5.24
Ruihang Xu,Guangdong Open 2021,Second round,2,4.58,6.36,4.58,6.18,9.58,5.09,7.82
Ruihang Xu,Guangdong Open 2021,First round,1,4.89,5.72,6.94,5.52,6.03,4.89,5.61
Ruihang Xu,Hangzhou Open AM 2021,Final,1,5.48,5.69,5.56,6.47,5.95,5.48,5.56
Ruihang Xu,Hangzhou Open AM 2021,First round,1,4.65,5.98,6.15,5.98,4.65,5.91,6.04
Ruihang Xu,Beijing Spring PM 2021,Final,1,4.98,6.11,6.11,4.98,6.07,6.25,6.16
Ruihang Xu,Beijing Spring PM 2021,First round,1,5.17,5.96,6.46,5.80,7.23,5.17,5.62
Ruihang Xu,Shaoxing Morning 2021,Final,1,5.67,6.00,5.70,7.18,6.23,6.08,5.67
Ruihang Xu,Shaoxing Morning 2021,First round,1,6.34,7.03,6.34,6.98,7.50,7.39,6.71
Ruihang Xu,Guangzhou Panyu Morning 2021,Final,1,5.29,6.00,5.98,5.29,5.36,6.66,6.80
Ruihang Xu,Guangzhou Panyu Morning 2021,Second round,1,4.45,6.13,5.62,4.45,7.76,6.32,6.46
Ruihang Xu,Guangzhou Panyu Morning 2021,First round,1,5.20,6.65,7.27,18.56,5.20,6.20,6.48
Ruihang Xu,Nanchang Good Afternoon 2021,Final,1,5.00,6.75,6.77,5.00,8.33,6.94,6.53
Ruihang Xu,Nanchang Good Afternoon 2021,Second round,1,5.80,6.41,6.53,5.80,5.99,7.89,6.71
Ruihang Xu,Nanchang Good Afternoon 2021,First round,1,5.69,6.21,7.29,6.58,5.69,6.28,5.76
Yiheng Wang,Bangkok Cube Festival 2025,Final,1,3.82,5.61,4.42,3.82,7.43,5.41,6.99
Yiheng Wang,Bangkok Cube Festival 2025,Second round,1,4.34,5.03,4.34,5.90,5.97,4.58,4.60
Yiheng Wang,Bangkok Cube Festival 2025,First round,1,3.95,4.63,3.95,4.07,5.71,4.70,5.12
Yiheng Wang,Chongqing New Year 2025,Final,1,3.98,4.15,4.22,3.98,4.19,4.03,5.67
Yiheng Wang,Chongqing New Year 2025,Second round,1,3.44,4.46,5.52,4.48,4.04,3.44,4.85
Yiheng Wang,Chongqing New Year 2025,First round,1,4.41,4.94,4.81,4.88,5.13,5.18,4.41
Yiheng Wang,Beijing Winter 2025,Final,1,4.22,4.91,5.37,5.31,4.45,4.96,4.22
Yiheng Wang,Beijing Winter 2025,Second round,2,4.97,5.60,5.82,6.88,5.62,4.97,5.36
Yiheng Wang,Beijing Winter 2025,First round,2,4.81,5.49,4.85,5.51,6.12,4.81,6.12
Yiheng Wang,Yancheng Open 2024,Final,1,3.83,4.85,4.21,6.51,5.16,3.83,5.19
Yiheng Wang,Yancheng Open 2024,Second round,2,4.11,4.82,5.10,6.01,4.87,4.11,4.49
Yiheng Wang,Yancheng Open 2024,First round,2,4.16,4.81,5.73,4.16,4.17,4.52,5.75
Yiheng Wang,Hangzhou Open 2024,Final,1,3.92,4.54,4.92,4.13,4.57,5.57,3.92
Yiheng Wang,Hangzhou Open 2024,Second round,2,4.03,4.73,5.92,4.75,4.51,4.03,4.93
Yiheng Wang,Hangzhou Open 2024,First round,1,3.65,4.78,3.65,4.44,4.95,5.21,4.96
Yiheng Wang,Zhengzhou Open 2024,Final,1,3.84,4.05,3.84,4.25,4.14,4.13,3.87
Yiheng Wang,Zhengzhou Open 2024,Second round,1,3.78,4.66,4.77,4.65,5.89,4.57,3.78
Yiheng Wang,Zhengzhou Open 2024,First round,1,3.75,4.21,4.28,4.63,3.75,4.48,3.86
Yiheng Wang,Cool Down Singapore 2024,Final,1,4.06,4.26,4.28,4.15,4.06,4.34,5.49
Yiheng Wang,Cool Down Singapore 2024,Semi Final,1,3.90,5.22,5.46,5.24,4.97,5.48,3.90
Yiheng Wang,Cool Down Singapore 2024,Second round,1,4.28,4.65,4.28,5.20,4.39,4.89,4.66
Yiheng Wang,Cool Down Singapore 2024,First round,1,4.54,5.25,4.61,5.92,4.54,5.21,6.48
Yiheng Wang,Rubik's WCA Asian Championship 2024,Final,1,4.15,4.42,4.32,4.81,4.68,4.26,4.15
Yiheng Wang,Rubik's WCA Asian Championship 2024,Semi Final,2,3.61,5.27,3.61,5.62,5.08,5.65,5.11
Yiheng Wang,Rubik's WCA Asian Championship 2024,Second round,3,4.68,5.20,5.64,5.02,4.93,4.68,5.93
Yiheng Wang,Rubik's WCA Asian Championship 2024,First round,1,3.69,4.09,3.96,4.29,4.48,3.69,4.01
Yiheng Wang,Harbin Open 2024,Final,1,3.78,4.97,5.01,5.53,4.37,3.78,6.98
Yiheng Wang,Harbin Open 2024,Second round,1,4.37,4.77,4.74,4.64,4.92,6.71,4.37
Yiheng Wang,Harbin Open 2024,First round,1,4.32,4.59,6.66,4.32,4.64,4.82,4.32
Yiheng Wang,Guilin Open 2024,Final,1,4.28,4.50,4.50,4.36,4.28,4.64,11.05
Yiheng Wang,Guilin Open 2024,Second round,2,3.27,4.91,5.78,6.57,4.33,3.27,4.61
Yiheng Wang,Guilin Open 2024,First round,2,4.90,5.69,5.25,6.71,4.90,6.17,5.64
Yiheng Wang,Xuzhou Autumn 2024,Final,1,3.71,4.09,3.83,5.16,4.55,3.71,3.88
Yiheng Wang,Xuzhou Autumn 2024,Semi Final,1,3.96,4.64,6.41,4.60,4.73,4.58,3.96
Yiheng Wang,Xuzhou Autumn 2024,Second round,1,4.30,4.98,6.16,4.88,4.97,5.08,4.30
Yiheng Wang,Xuzhou Autumn 2024,First round,1,4.09,4.70,4.51,4.80,4.80,6.28,4.09
Yiheng Wang,Dalian Open 2024,Final,1,4.08,4.57,4.78,4.08,4.84,4.60,4.32
Yiheng Wang,Dalian Open 2024,Second round,2,4.34,5.06,5.02,4.34,6.51,5.44,4.72
Yiheng Wang,Dalian Open 2024,First round,1,4.41,4.89,5.69,4.41,4.55,4.87,5.26
Yiheng Wang,Warm Up at gateway klia2 2024,Final,1,4.09,4.85,4.63,4.09,5.19,7.91,4.72
Yiheng Wang,Warm Up at gateway klia2 2024,Semi Final,1,4.05,4.33,4.35,4.05,4.50,4.46,4.19
Yiheng Wang,Warm Up at gateway klia2 2024,Second round,1,4.02,4.52,4.66,4.02,4.18,5.50,4.73
Yiheng Wang,Warm Up at gateway klia2 2024,First round,1,3.73,4.85,5.70,5.36,3.77,5.43,3.73
Yiheng Wang,Deqing Small Cubes Summer 2024,Final,1,4.33,4.73,5.03,4.46,4.33,4.69,6.38
Yiheng Wang,Deqing Small Cubes Summer 2024,Second round,2,5.46,5.56,5.52,5.72,5.62,5.46,5.53
Yiheng Wang,Deqing Small Cubes Summer 2024,First round,1,3.96,4.25,4.76,3.98,4.81,4.00,3.96
Yiheng Wang,Xi'an Open 2024,Final,1,4.54,4.88,4.89,4.54,5.98,4.57,5.18
Yiheng Wang,Xi'an Open 2024,Semi Final,1,4.41,5.24,6.12,4.41,4.69,4.92,6.23
Yiheng Wang,Xi'an Open 2024,Second round,1,3.98,4.46,4.42,3.98,4.69,5.64,4.27
Yiheng Wang,Xi'an Open 2024,First round,4,4.68,5.70,6.94,4.79,6.95,5.38,4.68
Yiheng Wang,Australian Nationals 2024,Final,1,4.33,5.08,5.40,5.24,4.61,4.33,10.28
Yiheng Wang,Australian Nationals 2024,Semi Final,1,4.26,5.06,5.18,5.12,4.26,4.88,5.59
Yiheng Wang,Australian Nationals 2024,Second round,1,3.76,5.08,4.45,5.92,4.88,6.56,3.76
Yiheng Wang,Australian Nationals 2024,First round,1,3.98,4.95,5.06,5.08,6.13,4.72,3.98
Yiheng Wang,Philippine Championship 2024,Final,1,4.33,5.04,4.61,5.06,4.33,5.96,5.45
Yiheng Wang,Philippine Championship 2024,Semi Final,1,4.31,4.66,4.31,4.70,4.49,4.80,5.48
Yiheng Wang,Philippine Championship 2024,Second round,1,4.84,5.11,5.16,4.84,6.22,5.22,4.96
Yiheng Wang,Philippine Championship 2024,First round,1,3.97,4.36,6.11,3.97,4.48,4.59,4.02
Yiheng Wang,Johor Cube Open 2024,Final,1,4.20,4.91,4.52,4.20,5.74,4.48,6.62
Yiheng Wang,Johor Cube Open 2024,Second round,1,4.00,4.87,6.51,4.39,4.59,5.64,4.00
Yiheng Wang,Johor Cube Open 2024,First round,1,4.56,4.79,5.73,4.86,4.74,4.56,4.78
Yiheng Wang,Bali Discovery Speedcubing Masters 2024,Final,1,4.19,4.79,4.63,4.89,5.01,4.84,4.19
Yiheng Wang,Bali Discovery Speedcubing Masters 2024,Second round,1,4.31,4.70,4.38,4.78,5.13,4.31,4.94
Yiheng Wang,Bali Discovery Speedcubing Masters 2024,First round,1,4.41,5.66,6.33,5.01,7.39,5.65,4.41
Yiheng Wang,Sunway Velocity Mall Open 2024,Final,1,4.08,4.97,4.89,5.20,4.08,4.83,5.85
Yiheng Wang,Sunway Velocity Mall Open 2024,Semi Final,1,4.40,5.16,5.45,4.40,4.57,5.47,6.25
Yiheng Wang,Sunway Velocity Mall Open 2024,Second round,1,4.63,5.02,5.24,4.63,5.10,7.01,4.73
Yiheng Wang,Sunway Velocity Mall Open 2024,First round,1,4.67,5.14,5.96,8.52,4.70,4.67,4.77
Yiheng Wang,Zibo Open 2024,Final,1,4.00,4.91,4.77,4.00,5.12,7.26,4.85
Yiheng Wang,Zibo Open 2024,Second round,1,4.18,5.06,5.26,4.69,5.22,6.94,4.18
Yiheng Wang,Zibo Open 2024,First round,1,4.88,5.20,4.92,7.34,4.92,4.88,5.76
Yiheng Wang,Kunshan Open 2024,Final,1,3.66,4.91,6.81,5.55,4.94,3.66,4.23
Yiheng Wang,Kunshan Open 2024,Second round,1,3.85,4.84,4.86,4.96,4.69,7.12,3.85
Yiheng Wang,Kunshan Open 2024,First round,1,4.10,4.96,4.10,6.13,5.20,4.48,5.19
Yiheng Wang,Shenyang Spring 2024,Final,1,4.31,5.05,4.57,4.31,5.42,5.95,5.16
Yiheng Wang,Shenyang Spring 2024,Second round,1,4.09,5.47,4.09,4.92,DNF,5.06,6.42
Yiheng Wang,Shenyang Spring 2024,First round,1,4.19,5.20,5.63,5.97,5.22,4.19,4.76
Luke Garrett,NxNationwide Lewis Center 2025,Final,1,5.18,6.31,5.85,6.73,5.18,6.81,6.36
Luke Garrett,NxNationwide Lewis Center 2025,Second round,2,5.16,6.24,6.69,5.16,6.70,7.73,5.32
Luke Garrett,NxNationwide Lewis Center 2025,First round,2,4.53,6.24,5.98,6.49,4.53,6.41,6.32
Luke Garrett,Naperville Winter 2025,Final,2,5.57,6.74,7.33,5.57,9.37,6.51,6.37
Luke Garrett,Naperville Winter 2025,Second round,2,5.19,6.41,6.22,5.19,6.39,9.06,6.62
Luke Garrett,Naperville Winter 2025,First round,1,5.36,5.98,5.43,6.02,5.36,6.50,8.40
Luke Garrett,Return of the Ville KY 2025,Final,2,5.08,6.36,7.96,5.41,5.08,6.86,6.81
Luke Garrett,Return of the Ville KY 2025,Second round,1,5.20,5.79,5.45,5.57,5.20,6.35,6.76
Luke Garrett,Return of the Ville KY 2025,First round,1,5.07,6.16,6.07,5.07,7.39,6.15,6.26
Luke Garrett,Ohio State Winter 2025,Final,1,5.14,5.83,5.14,5.47,6.33,6.13,5.89
Luke Garrett,Ohio State Winter 2025,Second round,1,5.01,5.72,5.36,6.26,5.53,5.01,DNF
Luke Garrett,Ohio State Winter 2025,First round,1,5.60,6.94,5.82,9.43,5.60,8.21,6.79
Luke Garrett,Gem City Ohio Showdown 2025,Final,1,4.92,5.12,5.08,4.92,5.10,5.18,7.33
Luke Garrett,Gem City Ohio Showdown 2025,Second round,1,5.65,5.92,6.04,5.67,5.65,6.61,6.06
Luke Garrett,Gem City Ohio Showdown 2025,First round,2,5.74,7.13,8.25,20.16,5.74,6.26,6.87
Luke Garrett,Michigan Mini 264 2024,Final,1,5.45,5.77,8.24,5.55,5.45,5.61,6.16
Luke Garrett,Michigan Mini 264 2024,Second round,1,4.72,5.53,4.72,6.33,4.78,5.84,5.96
Luke Garrett,Michigan Mini 264 2024,First round,1,5.54,6.65,DNF,7.69,5.68,5.54,6.57
Luke Garrett,Ohio State Nearly New Years 2024,Final,2,6.13,6.74,6.45,6.13,6.38,DNF,7.39
Luke Garrett,Ohio State Nearly New Years 2024,Second round,2,5.25,5.99,6.39,5.25,5.98,5.59,7.40
Luke Garrett,Ohio State Nearly New Years 2024,First round,1,5.59,6.16,7.46,5.59,6.24,5.68,6.56
Luke Garrett,Gallop in Kentucky Winter 2024,Final,2,5.43,6.01,5.75,5.58,5.43,6.69,7.63
Luke Garrett,Gallop in Kentucky Winter 2024,Second round,2,5.59,6.57,7.53,6.32,6.69,5.59,6.70
Luke Garrett,Gallop in Kentucky Winter 2024,First round,1,4.74,5.63,6.15,4.74,4.97,5.76,6.31
Luke Garrett,Don't Pop Preble 2024,Final,1,5.15,5.72,5.75,8.68,5.73,5.15,5.68
Luke Garrett,Don't Pop Preble 2024,Second round,2,5.14,6.39,6.67,5.99,5.14,6.91,6.52
Luke Garrett,Don't Pop Preble 2024,First round,1,4.53,5.59,5.79,6.28,5.34,4.53,5.64
Luke Garrett,Indiana Championship 2024,Final,1,5.12,5.91,6.50,6.23,5.12,5.79,5.72
Luke Garrett,Indiana Championship 2024,Semi Final,1,4.43,6.44,9.05,4.43,6.95,6.60,5.76
Luke Garrett,Indiana Championship 2024,Second round,1,4.70,5.70,8.00,5.23,4.70,6.09,5.79
Luke Garrett,Indiana Championship 2024,First round,1,4.31,4.94,6.84,4.91,5.06,4.31,4.86
Luke Garrett,Kenosha First A 2024,Final,1,4.46,6.15,6.38,5.80,4.46,6.26,10.70
Luke Garrett,Kenosha First A 2024,Second round,2,5.55,6.79,5.55,7.13,6.11,7.13,DNF
Luke Garrett,Kenosha First A 2024,First round,2,4.90,6.88,8.04,4.90,DNF,6.14,6.45
Luke Garrett,Ohio State Fall 2024,Final,1,5.01,5.69,7.48,6.11,5.67,5.01,5.30
Luke Garrett,Ohio State Fall 2024,Second round,1,4.78,5.41,5.28,5.51,8.42,4.78,5.43
Luke Garrett,Ohio State Fall 2024,First round,1,4.78,5.64,5.69,4.78,5.57,6.42,5.65
Luke Garrett,Swoop in and Solve Oxford 2024,Final,2,5.13,6.23,6.19,5.94,5.13,7.61,6.57
Luke Garrett,Swoop in and Solve Oxford 2024,Second round,1,4.22,5.80,4.22,8.55,5.10,6.29,6.01
Luke Garrett,Swoop in and Solve Oxford 2024,First round,1,5.73,6.08,6.41,5.99,7.67,5.73,5.85
Luke Garrett,WonderLand Education West Lafayette Fall 2024,Final,1,5.60,7.21,5.60,8.07,6.61,6.94,8.21
Luke Garrett,WonderLand Education West Lafayette Fall 2024,Second round,1,5.46,6.33,6.11,6.93,5.94,8.38,5.46
Luke Garrett,WonderLand Education West Lafayette Fall 2024,First round,1,5.47,6.26,5.47,6.61,6.41,5.76,6.64
Luke Garrett,Washtenaw Fall 2024,Final,1,5.16,5.48,5.16,7.13,5.16,5.95,5.32
Luke Garrett,Washtenaw Fall 2024,Second round,1,4.94,6.23,6.57,4.94,6.39,5.74,DNF
Luke Garrett,Washtenaw Fall 2024,First round,1,5.69,6.17,6.27,5.69,6.12,6.43,6.11
Luke Garrett,CubingUSA Great Lakes Championship 2024,Final,2,5.29,6.33,5.38,6.98,6.64,7.03,5.29
Luke Garrett,CubingUSA Great Lakes Championship 2024,Semi Final,2,4.68,5.90,7.10,5.63,7.39,4.68,4.98
Luke Garrett,CubingUSA Great Lakes Championship 2024,Second round,2,5.28,5.77,5.31,6.04,5.28,5.95,6.67
Luke Garrett,CubingUSA Great Lakes Championship 2024,First round,1,4.26,5.38,5.55,5.45,5.14,7.44,4.26
Luke Garrett,DuPage Fall 2024,Final,2,4.38,6.74,7.12,5.71,4.38,9.13,7.40
Luke Garrett,DuPage Fall 2024,Semi Final,2,5.49,6.07,5.49,5.77,5.53,6.92,7.84
Luke Garrett,DuPage Fall 2024,Second round,6,6.41,7.74,7.10,6.41,6.56,12.36,9.56
Luke Garrett,DuPage Fall 2024,First round,1,5.31,5.88,6.52,5.31,5.37,5.76,6.52
Luke Garrett,Y-Perms Near the Y-Bridge Zanesville 2024,Final,1,5.41,6.10,6.09,5.41,5.83,6.84,6.37
Luke Garrett,Y-Perms Near the Y-Bridge Zanesville 2024,Second round,1,4.95,5.38,5.46,4.95,9.04,4.96,5.73
Luke Garrett,Y-Perms Near the Y-Bridge Zanesville 2024,First round,1,4.75,7.04,4.75,6.09,4.92,10.96,10.12
Luke Garrett,Oldham County Cubing 2024,Final,1,4.83,6.61,7.02,7.31,5.49,4.83,10.97
Luke Garrett,Oldham County Cubing 2024,Second round,1,5.12,6.41,6.48,6.67,5.12,6.77,6.08
Luke Garrett,Oldham County Cubing 2024,First round,1,5.55,5.85,5.55,6.01,5.96,7.71,5.58
Luke Garrett,Rubik's WCA North American Championship 2024,Final,6,4.51,6.36,6.86,10.06,6.30,4.51,5.92
Luke Garrett,Rubik's WCA North American Championship 2024,Semi Final,3,5.33,6.10,5.70,6.45,6.44,5.33,6.17
Luke Garrett,Rubik's WCA North American Championship 2024,Second round,41,6.10,7.57,6.10,8.40,6.31,8.77,7.99
Luke Garrett,Rubik's WCA North American Championship 2024,First round,11,5.32,6.53,6.62,6.38,5.32,6.58,12.73
Luke Garrett,Rubik's North America All-Stars 2024,Final,7,5.47,6.50,8.80,5.47,6.25,5.80,7.45
Luke Garrett,Rubik's North America All-Stars 2024,Second round,1,5.43,5.68,5.61,5.93,5.49,5.43,6.25
Luke Garrett,Rubik's North America All-Stars 2024,First round,11,5.38,7.09,6.41,8.63,6.68,8.19,5.38
Luke Garrett,Green Summer 2024,Final,1,4.42,5.98,7.99,5.33,4.42,7.33,5.29
Luke Garrett,Green Summer 2024,Second round,1,5.18,5.90,6.06,6.16,5.61,5.18,6.03
Luke Garrett,Green Summer 2024,First round,1,4.76,5.42,6.16,5.26,5.81,5.18,4.76
Luke Garrett,CubingUSA Southeast Championship 2024,Final,2,5.60,6.03,5.60,5.97,5.88,6.23,6.48
Luke Garrett,CubingUSA Southeast Championship 2024,Semi Final,1,4.85,5.65,4.85,5.59,6.16,5.19,6.91
Luke Garrett,CubingUSA Southeast Championship 2024,Second round,5,5.91,6.68,7.34,6.62,6.92,5.91,6.49
Luke Garrett,CubingUSA Southeast Championship 2024,First round,1,4.78,6.38,8.53,7.62,5.31,4.78,6.20
Luke Garrett,Gem City Donut DNF 2024,Final,1,4.20,6.11,7.69,5.61,6.28,6.44,4.20
Luke Garrett,Gem City Donut DNF 2024,Second round,1,5.31,6.02,7.95,5.89,5.69,6.48,5.31
Luke Garrett,Gem City Donut DNF 2024,First round,1,4.21,5.69,4.21,4.51,6.88,5.68,8.13
Luke Garrett,Northern Kentucky 2024,Final,1,5.15,5.85,5.15,6.20,8.12,5.60,5.76
Luke Garrett,Northern Kentucky 2024,Second round,1,5.23,6.21,6.05,6.95,5.63,7.07,5.23
Luke Garrett,Northern Kentucky 2024,First round,2,6.04,7.46,6.04,7.81,7.36,7.21,8.72
Aaron Huynh,Cubes Canes & Joy Vegas 2024,Final,1,4.52,7.29,7.56,4.52,7.65,6.66,7.75
Aaron Huynh,Cubes Canes & Joy Vegas 2024,Second round,2,6.04,8.01,6.04,8.07,9.50,8.31,7.65
Aaron Huynh,Cubes Canes & Joy Vegas 2024,First round,1,5.88,8.03,9.16,7.58,11.01,7.34,5.88
Aaron Huynh,Wichita Speedcubing Fall 2024,Final,1,5.79,6.72,7.02,6.57,6.89,6.69,5.79
Aaron Huynh,Wichita Speedcubing Fall 2024,Second round,1,5.27,6.71,6.19,6.86,5.27,16.20,7.08
Aaron Huynh,Wichita Speedcubing Fall 2024,First round,1,6.63,6.90,6.92,9.03,6.63,7.04,6.75
Aaron Huynh,Colorado Championship 2024,Final,1,6.25,7.41,8.00,6.46,6.25,9.84,7.76
Aaron Huynh,Colorado Championship 2024,Semi Final,4,6.23,8.10,9.84,8.42,7.20,6.23,8.68
Aaron Huynh,Colorado Championship 2024,Second round,4,6.88,8.38,7.75,7.91,6.88,9.49,11.40
Aaron Huynh,Colorado Championship 2024,First round,5,7.45,8.89,9.41,8.63,7.45,8.63,9.73
Aaron Huynh,Battle at Fort Hays KS 2024,Final,1,6.06,6.63,6.64,6.91,6.61,6.65,6.06
Aaron Huynh,Battle at Fort Hays KS 2024,Second round,1,5.02,7.65,7.51,9.52,7.13,8.32,5.02
Aaron Huynh,Battle at Fort Hays KS 2024,First round,1,5.39,7.03,6.73,8.76,5.39,6.51,7.85
Aaron Huynh,KS Air Capital Cubing 2024,Final,1,5.73,7.10,7.08,6.20,8.01,5.73,10.11
Aaron Huynh,KS Air Capital Cubing 2024,Second round,1,5.69,7.77,8.79,8.91,5.92,5.69,8.60
Aaron Huynh,KS Air Capital Cubing 2024,First round,1,6.06,6.73,7.53,6.92,6.47,6.81,6.06
Aaron Huynh,KCKC 5 Fast and Furious 2024,Final,1,3.46,6.57,6.77,6.65,6.29,10.23,3.46
Aaron Huynh,KCKC 5 Fast and Furious 2024,Second round,1,5.01,7.38,7.18,8.00,5.01,7.54,7.42
Aaron Huynh,KCKC 5 Fast and Furious 2024,First round,1,5.56,6.84,5.73,5.56,7.48,9.00,7.31
Aaron Huynh,CubingUSA Heartland Championship 2024,Final,2,6.72,6.99,6.73,11.40,7.53,6.72,6.72
Aaron Huynh,CubingUSA Heartland Championship 2024,Second round,5,7.30,8.42,7.30,DNF,7.68,7.51,10.07
Aaron Huynh,CubingUSA Heartland Championship 2024,First round,3,5.76,7.22,7.25,7.26,7.15,5.76,8.40
Aaron Huynh,Missouri Summer Kickoff 2024,Final,1,6.11,6.33,8.66,6.20,6.11,6.27,6.53
Aaron Huynh,Missouri Summer Kickoff 2024,Second round,1,5.96,7.50,7.18,5.96,7.98,7.94,7.38
Aaron Huynh,Missouri Summer Kickoff 2024,First round,1,6.06,6.59,6.22,6.06,7.18,8.36,6.37
Aaron Huynh,KCKC 3 Cubing for Cake 2023,Final,1,8.00,8.79,8.83,8.00,9.65,8.41,9.12
Aaron Huynh,KCKC 3 Cubing for Cake 2023,Second round,1,5.66,6.98,7.83,7.04,9.45,6.06,5.66
Aaron Huynh,KCKC 3 Cubing for Cake 2023,First round,1,5.58,7.67,9.47,5.58,7.93,8.04,7.05
Aaron Huynh,Battle at Fort Hays Kansas 2023,Final,1,4.57,5.63,4.88,4.57,7.95,5.90,6.12
Aaron Huynh,Battle at Fort Hays Kansas 2023,Second round,3,7.33,8.64,9.47,7.83,8.78,9.30,7.33
Aaron Huynh,Battle at Fort Hays Kansas 2023,First round,1,5.75,7.27,5.75,9.91,6.67,8.09,7.06
Aaron Huynh,Air Capital Cubing Summer 2023,Final,2,6.48,7.00,7.08,7.17,7.30,6.74,6.48
Aaron Huynh,Air Capital Cubing Summer 2023,Second round,2,6.57,8.36,6.89,6.57,8.15,10.08,10.05
Aaron Huynh,Air Capital Cubing Summer 2023,First round,2,5.92,7.35,7.62,7.95,7.03,7.39,5.92
Aaron Huynh,Arkansolve 2023,Final,1,6.63,7.12,8.15,7.68,6.63,6.78,6.89
Aaron Huynh,Arkansolve 2023,Second round,1,6.94,7.67,7.06,6.94,8.88,8.09,7.87
Aaron Huynh,Arkansolve 2023,First round,1,6.79,8.20,DNF,6.79,9.53,7.19,7.88
Aaron Huynh,Wichita Art Museum Winter 2023,Final,2,6.90,7.98,6.90,7.63,10.27,8.26,8.05
Aaron Huynh,Wichita Art Museum Winter 2023,Second round,1,6.15,6.36,9.41,6.52,6.15,6.41,6.15
Aaron Huynh,Wichita Art Museum Winter 2023,First round,2,6.25,7.52,8.43,7.93,7.56,6.25,7.08
Aaron Huynh,Cube Even More in Wichita 2022,Final,2,7.22,8.35,7.26,10.52,7.22,11.22,7.26
Aaron Huynh,Cube Even More in Wichita 2022,Second round,1,6.92,7.34,7.12,7.06,6.92,7.86,7.83
Aaron Huynh,Cube Even More in Wichita 2022,First round,1,5.14,7.33,8.86,6.43,7.53,8.03,5.14
Aaron Huynh,CubingUSA Southern Championship 2022,Final,2,6.66,7.70,8.52,6.66,10.47,7.44,7.14
Aaron Huynh,CubingUSA Southern Championship 2022,Second round,1,6.97,7.57,7.74,7.62,6.97,8.48,7.35
Aaron Huynh,CubingUSA Southern Championship 2022,First round,1,6.30,7.47,6.30,7.98,7.52,6.92,11.67
Aaron Huynh,Kansas Cubing Open Spring 2022,Final,2,6.31,6.94,6.31,9.37,7.47,6.65,6.69
Aaron Huynh,Kansas Cubing Open Spring 2022,Second round,2,6.75,8.26,8.17,8.99,6.75,7.93,8.67
Aaron Huynh,Kansas Cubing Open Spring 2022,First round,2,6.65,8.75,9.98,9.23,6.65,7.46,9.57
Aaron Huynh,Kansas Cubing Open Winter 2022,Final,1,6.63,7.20,6.63,7.41,6.67,7.60,7.53
Aaron Huynh,Kansas Cubing Open Winter 2022,Second round,1,6.04,6.63,6.69,6.04,6.78,6.42,7.93
Aaron Huynh,Kansas Cubing Open Winter 2022,First round,1,6.47,7.20,8.53,7.41,6.88,6.47,7.31
Aaron Huynh,Oklahoma Fall AM 2021,Final,1,6.50,8.23,6.50,9.38,8.20,12.21,7.12
Aaron Huynh,Oklahoma Fall AM 2021,Second round,1,6.02,8.41,9.02,6.02,7.75,10.07,8.46
Aaron Huynh,Oklahoma Fall AM 2021,First round,1,6.87,8.24,7.72,9.02,8.00,9.00,6.87
Aaron Huynh,Trinity Valley Spring 2020,Final,1,6.46,7.65,9.01,6.46,7.99,7.91,7.06
Aaron Huynh,Trinity Valley Spring 2020,Second round,1,7.39,8.21,7.51,10.55,7.39,9.61,7.50
Aaron Huynh,Trinity Valley Spring 2020,First round,1,7.95,8.62,10.47,7.95,8.41,8.05,9.39
Aaron Huynh,Oklahoma 2020,Final,1,7.87,8.24,7.87,8.64,8.12,7.96,9.43
Aaron Huynh,Oklahoma 2020,Second round,1,6.91,7.58,8.03,7.37,6.91,9.11,7.33
Aaron Huynh,Oklahoma 2020,First round,2,6.03,8.44,11.11,10.94,6.03,6.68,7.71
Aaron Huynh,OU Winter 2019,Final,1,6.48,7.57,6.48,7.46,8.08,8.02,7.24
Aaron Huynh,OU Winter 2019,Second round,1,6.27,7.09,6.78,7.75,7.24,6.27,7.26
Aaron Huynh,OU Winter 2019,First round,1,4.76,7.02,9.18,4.76,7.33,7.55,6.17
Aaron Huynh,Oklahoma Fall 2019,Final,2,6.25,8.35,9.96,8.35,16.11,6.25,6.74
Aaron Huynh,Oklahoma Fall 2019,Second round,1,6.44,7.85,8.08,7.81,7.66,6.44,8.34
Aaron Huynh,Oklahoma Fall 2019,First round,1,6.94,7.77,8.24,7.22,10.15,7.84,6.94
Aaron Huynh,Dallas Warm Up 2019,Final,3,7.28,8.39,8.39,8.57,8.22,9.38,7.28
Aaron Huynh,Dallas Warm Up 2019,Second round,2,7.59,8.50,8.35,8.66,8.50,9.38,7.59
Aaron Huynh,Dallas Warm Up 2019,First round,3,7.76,8.81,9.75,7.76,8.55,9.70,8.19
Aaron Huynh,BarbeCubing Spring 2019,Final,1,7.31,7.99,7.50,7.68,8.80,9.12,7.31
Aaron Huynh,BarbeCubing Spring 2019,Second round,1,6.77,8.85,6.77,8.91,8.35,9.28,9.54
Aaron Huynh,BarbeCubing Spring 2019,First round,1,7.08,8.22,8.11,9.43,9.55,7.13,7.08
Aaron Huynh,Oklahoma Open 2019,Final,3,7.04,8.66,8.38,7.04,8.66,8.94,9.11
Aaron Huynh,Oklahoma Open 2019,Second round,3,7.12,8.80,8.02,7.12,9.77,9.55,8.83
Aaron Huynh,Oklahoma Open 2019,First round,4,7.71,8.80,9.80,9.56,7.94,8.89,7.71
Aaron Huynh,Arkansas Cubing Drive 2018,Final,1,7.81,8.58,8.32,10.23,8.01,7.81,9.41
Aaron Huynh,Arkansas Cubing Drive 2018,Second round,1,7.45,8.47,7.45,9.88,8.77,7.72,8.92
Aaron Huynh,Arkansas Cubing Drive 2018,First round,3,9.36,11.20,19.32,10.83,10.34,9.36,12.42
Aaron Huynh,Respect Kansas 2018,Final,1,7.51,8.35,8.20,9.18,10.22,7.68,7.51
Aaron Huynh,Respect Kansas 2018,Second round,1,7.52,8.64,9.19,8.80,8.14,8.99,7.52
Aaron Huynh,Respect Kansas 2018,First round,1,7.44,8.35,8.27,8.21,10.61,7.44,8.58
Yusheng Du,Xi'an New Year 2025,Final,11,6.90,9.14,9.25,6.90,8.24,9.92,13.53
Yusheng Du,Xi'an New Year 2025,Second round,7,5.62,7.25,10.81,5.62,7.84,6.92,6.99
Yusheng Du,Xi'an New Year 2025,First round,7,5.83,7.26,7.85,5.83,7.18,DNF,6.76
Yusheng Du,Yancheng Open 2024,Final,7,5.71,6.42,6.69,6.21,5.71,DNF,6.35
Yusheng Du,Yancheng Open 2024,Second round,5,5.12,6.50,7.18,5.59,6.80,7.12,5.12
Yusheng Du,Yancheng Open 2024,First round,10,6.51,7.03,9.50,6.51,7.13,7.46,6.51
Yusheng Du,Zhengzhou Open 2024,Final,8,5.54,6.47,7.65,6.25,6.34,5.54,6.81
Yusheng Du,Zhengzhou Open 2024,Second round,5,5.81,6.80,8.25,6.83,6.39,5.81,7.17
Yusheng Du,Zhengzhou Open 2024,First round,19,6.88,8.16,8.00,8.57,11.13,7.92,6.88
Yusheng Du,Shenzhen Open 2024,Final,18,8.55,DNF,DNF,8.55,DNS,DNS,DNS
Yusheng Du,Shenzhen Open 2024,Second round,8,5.74,6.80,5.74,6.36,6.96,7.08,7.49
Yusheng Du,Shenzhen Open 2024,First round,8,6.69,7.52,8.79,6.69,7.43,7.08,8.06
Yusheng Du,Rubik's WCA Asian Championship 2024,Second round,149,7.71,DNF,8.48,7.71,7.94,DNF,DNS
Yusheng Du,Rubik's WCA Asian Championship 2024,First round,30,6.00,6.96,7.63,6.00,6.37,6.87,DNF
Yusheng Du,Harbin Open 2024,Final,5,5.46,7.64,7.37,10.01,5.53,10.88,5.46
Yusheng Du,Harbin Open 2024,Second round,6,6.10,7.36,8.10,6.10,8.62,7.23,6.76
Yusheng Du,Harbin Open 2024,First round,8,6.83,8.04,7.61,10.38,7.78,6.83,8.74
Yusheng Du,Xuzhou Autumn 2024,Final,10,7.15,8.33,10.39,7.28,7.15,7.31,DNF
Yusheng Du,Xuzhou Autumn 2024,Semi Final,8,5.71,6.57,6.28,6.22,7.20,5.71,7.71
Yusheng Du,Xuzhou Autumn 2024,Second round,16,5.08,7.68,9.33,9.57,6.35,7.36,5.08
Yusheng Du,Xuzhou Autumn 2024,First round,16,6.70,7.63,6.70,7.61,7.07,8.21,14.32
Yusheng Du,Dalian Open 2024,Final,16,7.77,DNF,8.32,7.77,8.87,DNF,DNF
Yusheng Du,Dalian Open 2024,Second round,10,5.89,7.21,7.68,5.89,DNF,6.64,7.32
Yusheng Du,Dalian Open 2024,First round,9,6.46,7.80,8.95,9.25,6.46,6.71,7.75
Yusheng Du,Deqing Big Cubes Summer 2024,Final,10,4.78,7.32,4.78,9.24,7.45,7.11,7.41
Yusheng Du,Deqing Big Cubes Summer 2024,Second round,5,5.45,6.71,6.99,5.45,7.63,6.45,6.70
Yusheng Du,Deqing Big Cubes Summer 2024,First round,6,6.38,6.94,7.34,6.38,7.04,7.78,6.45
Yusheng Du,Xi'an Open 2024,Semi Final,15,6.31,7.09,7.71,6.54,7.01,8.31,6.31
Yusheng Du,Xi'an Open 2024,Second round,6,5.69,6.30,5.77,6.53,6.76,5.69,6.61
Yusheng Du,Xi'an Open 2024,First round,13,6.67,7.28,7.65,6.67,6.69,7.51,8.14
Yusheng Du,Shenzhen Nanshan Open 2024,Final,4,5.29,6.51,6.89,7.28,6.29,6.36,5.29
Yusheng Du,Shenzhen Nanshan Open 2024,Second round,5,5.18,7.43,8.37,7.25,7.56,5.18,7.47
Yusheng Du,Shenzhen Nanshan Open 2024,First round,4,6.43,7.52,12.89,7.79,6.43,7.80,6.96
Yusheng Du,Guiyang Open 2024,Second round,11,6.17,7.39,8.46,6.17,8.36,7.25,6.57
Yusheng Du,Guiyang Open 2024,First round,10,7.15,7.63,7.15,7.37,8.05,8.33,7.46
Yusheng Du,Kunshan Open 2024,Final,10,5.60,8.33,10.39,8.50,6.11,DNF,5.60
Yusheng Du,Kunshan Open 2024,Second round,8,6.52,7.12,6.52,7.21,6.76,7.48,7.40
Yusheng Du,Kunshan Open 2024,First round,5,5.77,6.45,5.77,7.30,6.08,7.05,6.21
Yusheng Du,Huzhou Open 2024,Final,4,6.63,7.14,7.13,7.34,6.99,6.63,7.31
Yusheng Du,Huzhou Open 2024,Second round,8,6.18,7.94,6.98,7.69,DNF,6.18,9.14
Yusheng Du,Huzhou Open 2024,First round,2,5.62,6.53,6.48,5.62,6.21,8.87,6.91
Yusheng Du,Fushun Open 2024,Final,20,6.17,DNF,7.48,DNF,7.46,6.17,DNF
Yusheng Du,Fushun Open 2024,Second round,5,6.85,7.60,8.77,6.85,8.22,7.68,6.89
Yusheng Du,Fushun Open 2024,First round,4,6.58,7.52,10.07,7.23,7.08,6.58,8.25
Yusheng Du,Changsha Open 2023,Second round,11,6.52,7.54,7.13,7.77,6.52,8.52,7.72
Yusheng Du,Changsha Open 2023,First round,2,5.63,5.86,5.63,5.84,7.24,6.05,5.68
Yusheng Du,Shenyang Open 2023,Final,3,5.93,7.52,8.13,5.93,7.10,9.29,7.32
Yusheng Du,Shenyang Open 2023,Second round,3,6.78,7.94,6.89,9.81,10.76,7.11,6.78
Yusheng Du,Shenyang Open 2023,First round,2,5.70,7.53,5.70,9.61,8.25,6.88,7.45
Yusheng Du,Shenzhen Youth Open 2023,Final,4,6.42,7.39,9.41,7.62,6.64,6.42,7.92
Yusheng Du,Shenzhen Youth Open 2023,Second round,5,6.49,7.18,8.07,6.49,6.97,6.49,DNF
Yusheng Du,Shenzhen Youth Open 2023,First round,4,5.59,7.26,7.39,7.64,7.83,5.59,6.74
Yusheng Du,Hefei Winter Open 2023,Final,16,8.61,DNF,DNF,8.61,11.12,9.65,DNF
Yusheng Du,Hefei Winter Open 2023,Second round,7,5.95,6.52,7.99,6.16,6.56,6.84,5.95
Yusheng Du,Hefei Winter Open 2023,First round,7,6.22,6.86,7.78,6.94,6.22,6.94,6.69
Yusheng Du,Chengdu Flash Cube Open 2023,Second round,79,7.52,DNF,8.99,8.63,7.52,DNF,DNF
Yusheng Du,Chengdu Flash Cube Open 2023,First round,13,6.67,7.68,6.67,DNF,7.41,7.62,8.01
Yusheng Du,Rubik's WCA World Championship 2023,Semi Final,78,6.75,9.09,7.15,8.95,11.18,6.75,DNF
Yusheng Du,Rubik's WCA World Championship 2023,Second round,32,6.55,6.99,7.24,8.32,6.80,6.93,6.55
Yusheng Du,Rubik's WCA World Championship 2023,First round,127,6.28,8.24,7.24,6.28,9.40,8.09,11.02
Yusheng Du,Singapore Championship 2023,Final,4,5.07,6.69,13.20,6.10,7.77,6.21,5.07
Yusheng Du,Singapore Championship 2023,Semi Final,12,6.43,7.61,9.62,6.43,DNF,6.67,6.54
Yusheng Du,Singapore Championship 2023,Second round,16,6.72,7.84,13.79,7.74,7.69,8.08,6.72
Yusheng Du,Singapore Championship 2023,First round,12,7.17,7.88,7.17,7.70,11.22,8.17,7.77
Yusheng Du,Guilin Open 2021,Final,2,6.67,7.52,7.95,6.67,7.04,7.58,8.51
Yusheng Du,Guilin Open 2021,Second round,6,7.24,8.45,9.21,9.28,7.32,7.24,8.82
Yusheng Du,Guilin Open 2021,First round,2,6.24,8.15,6.24,8.63,9.68,8.09,7.72
Yusheng Du,Beijing Spring PM 2021,Final,3,6.73,7.58,6.73,6.97,9.60,6.95,8.82
Yusheng Du,Beijing Spring PM 2021,First round,2,6.41,6.64,6.85,6.58,6.48,6.41,9.74
Yusheng Du,Shenzhen Nanshan Afternoon 2021,Final,3,6.55,7.93,8.80,10.33,6.55,8.02,6.96
Yusheng Du,Shenzhen Nanshan Afternoon 2021,Second round,2,7.48,8.19,9.89,7.86,9.07,7.48,7.64
Yusheng Du,Shenzhen Nanshan Afternoon 2021,First round,10,7.42,9.76,8.95,11.87,7.42,8.46,13.53
Yusheng Du,Chengdu New Year Afternoon 2021,Final,2,6.80,7.09,6.80,6.88,7.12,DNF,7.28
Yusheng Du,Chengdu New Year Afternoon 2021,First round,4,7.13,8.76,10.67,7.13,9.21,8.50,8.57
Yusheng Du,Nanchang Good Afternoon 2021,Final,4,7.66,8.07,7.86,8.69,9.53,7.66,7.67
Yusheng Du,Nanchang Good Afternoon 2021,Second round,3,6.03,7.71,9.88,7.53,6.03,6.53,9.06
Yusheng Du,Nanchang Good Afternoon 2021,First round,5,7.17,8.58,8.19,7.95,11.24,7.17,9.59
Yusheng Du,Guangzhou Good Afternoon 2020,Final,3,6.34,7.53,7.51,8.84,6.34,7.29,7.78
Yusheng Du,Guangzhou Good Afternoon 2020,First round,4,6.71,7.71,8.07,7.18,10.53,6.71,7.88
Yusheng Du,Shenzhen Good Morning 2020,Final,2,6.26,7.88,6.26,7.36,8.93,7.36,9.71
Yusheng Du,Shenzhen Good Morning 2020,First round,3,7.52,8.51,8.00,8.98,10.19,7.52,8.54
Xuanyi Geng,Chongqing New Year 2025,Final,2,4.88,4.98,4.89,4.88,5.12,4.92,5.32
Xuanyi Geng,Chongqing New Year 2025,Second round,3,4.80,5.59,7.02,4.80,5.53,5.30,5.94
Xuanyi Geng,Chongqing New Year 2025,First round,3,4.54,6.13,6.56,4.54,5.56,6.77,6.26
Xuanyi Geng,Xi'an New Year 2025,Final,1,4.34,5.75,6.70,4.34,5.63,5.30,6.32
Xuanyi Geng,Xi'an New Year 2025,Second round,1,4.62,5.07,4.95,4.89,5.38,4.62,7.07
Xuanyi Geng,Xi'an New Year 2025,First round,1,3.88,4.88,5.71,4.99,5.39,4.27,3.88
Xuanyi Geng,Yancheng Open 2024,Final,2,4.64,4.92,5.29,5.06,4.82,4.87,4.64
Xuanyi Geng,Yancheng Open 2024,Second round,1,4.25,4.58,4.97,4.25,4.54,4.85,4.35
Xuanyi Geng,Yancheng Open 2024,First round,1,4.02,4.37,4.65,4.25,4.27,4.02,4.59
Xuanyi Geng,Hangzhou Open 2024,Final,2,4.64,5.08,4.64,5.34,5.11,4.80,5.51
Xuanyi Geng,Hangzhou Open 2024,Second round,1,3.89,4.32,3.89,3.90,5.17,4.02,5.03
Xuanyi Geng,Hangzhou Open 2024,First round,2,4.15,5.04,4.64,4.66,5.83,4.15,6.09
Xuanyi Geng,Zhengzhou Open 2024,Final,2,3.81,4.79,5.57,5.04,3.81,4.09,5.24
Xuanyi Geng,Zhengzhou Open 2024,Second round,3,3.49,5.51,5.79,5.82,5.39,3.49,5.35
Xuanyi Geng,Zhengzhou Open 2024,First round,2,4.32,5.03,4.89,5.46,5.29,4.90,4.32
Xuanyi Geng,Shenzhen Open 2024,Final,2,5.44,5.90,6.24,5.48,6.35,5.97,5.44
Xuanyi Geng,Shenzhen Open 2024,Second round,1,4.92,5.54,5.93,5.42,4.92,7.07,5.27
Xuanyi Geng,Shenzhen Open 2024,First round,1,4.57,4.89,4.95,4.84,4.57,4.87,5.76
Xuanyi Geng,Hong Kong Championship 2024,Final,1,4.45,5.43,5.50,5.52,4.45,6.60,5.28
Xuanyi Geng,Hong Kong Championship 2024,Semi Final,1,4.85,5.05,4.96,5.18,5.30,5.02,4.85
Xuanyi Geng,Hong Kong Championship 2024,Second round,1,4.63,5.63,4.63,6.19,5.81,5.60,5.48
Xuanyi Geng,Hong Kong Championship 2024,First round,1,4.38,4.86,4.85,4.94,4.95,4.38,4.79
Xuanyi Geng,Rubik's WCA Asian Championship 2024,Final,2,4.81,5.16,6.13,4.81,4.84,5.00,5.64
Xuanyi Geng,Rubik's WCA Asian Championship 2024,Semi Final,1,4.82,5.24,5.03,5.75,4.82,7.21,4.93
Xuanyi Geng,Rubik's WCA Asian Championship 2024,Second round,2,4.61,5.10,4.61,5.49,4.72,5.09,5.51
Xuanyi Geng,Rubik's WCA Asian Championship 2024,First round,3,4.31,5.10,4.31,5.23,5.07,4.99,DNF
Xuanyi Geng,Harbin Open 2024,Final,2,4.45,5.24,4.99,5.23,6.94,5.49,4.45
Xuanyi Geng,Harbin Open 2024,Second round,2,4.81,5.40,5.66,5.03,5.86,5.50,4.81
Xuanyi Geng,Harbin Open 2024,First round,2,5.22,5.43,5.22,5.33,5.55,5.41,5.62
Xuanyi Geng,Guilin Open 2024,Final,2,4.61,5.11,5.00,5.07,4.61,5.26,5.59
Xuanyi Geng,Guilin Open 2024,Second round,1,4.40,4.86,5.07,5.46,4.81,4.69,4.40
Xuanyi Geng,Guilin Open 2024,First round,1,4.71,5.13,5.26,5.23,4.71,5.05,5.12
Xuanyi Geng,Xuzhou Autumn 2024,Final,2,4.47,5.13,4.47,5.34,4.95,7.26,5.11
Xuanyi Geng,Xuzhou Autumn 2024,Semi Final,2,4.25,4.77,5.94,5.38,4.48,4.45,4.25
Xuanyi Geng,Xuzhou Autumn 2024,Second round,2,4.65,5.34,5.83,5.06,4.65,5.29,5.68
Xuanyi Geng,Xuzhou Autumn 2024,First round,2,4.76,5.00,4.99,5.19,4.83,4.76,6.13
Xuanyi Geng,Dalian Open 2024,Final,2,4.69,5.63,7.90,5.45,4.69,5.11,6.33
Xuanyi Geng,Dalian Open 2024,Second round,1,4.42,5.00,5.21,4.42,4.54,5.28,5.25
Xuanyi Geng,Dalian Open 2024,First round,2,4.64,5.29,5.99,4.93,4.64,DNF,4.95
Xuanyi Geng,Deqing Small Cubes Summer 2024,Final,2,4.85,5.14,4.93,5.58,5.11,5.38,4.85
Xuanyi Geng,Deqing Small Cubes Summer 2024,Second round,1,4.34,4.85,5.25,4.90,4.34,5.94,4.39
Xuanyi Geng,Deqing Small Cubes Summer 2024,First round,2,4.47,5.70,5.45,4.47,7.35,6.52,5.13
Xuanyi Geng,Xi'an Open 2024,Final,2,4.23,5.26,5.29,5.52,4.96,6.13,4.23
Xuanyi Geng,Xi'an Open 2024,Semi Final,5,4.10,6.02,5.83,4.10,5.54,8.01,6.70
Xuanyi Geng,Xi'an Open 2024,Second round,2,4.42,4.81,5.13,4.42,4.63,6.52,4.67
Xuanyi Geng,Xi'an Open 2024,First round,2,5.15,5.40,5.15,6.48,5.50,5.53,5.17
Xuanyi Geng,Huizhou 10th Anniversary 2024,Final,1,4.30,5.29,7.37,4.30,5.92,5.39,4.56
Xuanyi Geng,Huizhou 10th Anniversary 2024,Semi Final,1,4.81,5.25,6.27,4.81,5.14,5.10,5.50
Xuanyi Geng,Huizhou 10th Anniversary 2024,Second round,1,4.56,5.47,5.83,5.15,6.84,5.43,4.56
Xuanyi Geng,Huizhou 10th Anniversary 2024,First round,1,4.88,5.23,5.40,5.28,5.02,5.51,4.88
Xuanyi Geng,Chengdu Summer 2024,Final,2,4.86,5.56,5.47,5.84,5.48,4.86,5.72
Xuanyi Geng,Chengdu Summer 2024,Second round,1,4.80,5.37,4.95,5.57,4.80,5.59,5.59
Xuanyi Geng,Chengdu Summer 2024,First round,1,4.11,4.94,5.45,5.02,4.41,5.40,4.11
Xuanyi Geng,Shenzhen Nanshan Open 2024,Final,1,5.25,5.99,6.43,6.03,5.88,5.25,6.07
Xuanyi Geng,Shenzhen Nanshan Open 2024,Second round,1,4.83,5.70,5.19,4.83,5.78,6.13,6.21
Xuanyi Geng,Shenzhen Nanshan Open 2024,First round,1,4.72,5.79,4.96,6.24,4.72,6.51,6.18
Xuanyi Geng,Tianjin Open 2024,Final,2,4.49,5.69,7.40,5.70,5.30,6.07,4.49
Xuanyi Geng,Tianjin Open 2024,Second round,1,3.54,5.45,5.15,6.03,5.18,3.54,6.15
Xuanyi Geng,Tianjin Open 2024,First round,3,5.04,5.71,5.36,5.04,5.94,5.84,6.60
Xuanyi Geng,Guiyang Open 2024,Final,1,4.84,5.17,5.08,5.23,4.84,5.30,5.19
Xuanyi Geng,Guiyang Open 2024,Second round,2,4.99,5.94,6.50,5.95,DNF,4.99,5.36
Xuanyi Geng,Guiyang Open 2024,First round,2,5.35,5.79,6.57,5.35,6.24,5.56,5.57
Xuanyi Geng,Zibo Open 2024,Final,3,4.86,5.64,5.78,5.23,8.47,4.86,5.91
Xuanyi Geng,Zibo Open 2024,Second round,2,5.16,5.43,5.17,6.67,5.41,5.16,5.72
Xuanyi Geng,Zibo Open 2024,First round,3,4.91,5.50,6.14,5.06,5.30,6.19,4.91
Xuanyi Geng,Nanchang Spring 2024,Final,3,4.58,5.77,5.88,4.58,6.21,5.60,5.84
Xuanyi Geng,Nanchang Spring 2024,Second round,3,5.28,5.85,5.93,5.79,8.77,5.82,5.28
Xuanyi Geng,Nanchang Spring 2024,First round,1,5.14,5.35,6.31,5.33,5.43,5.14,5.30
Xuanyi Geng,Kunshan Open 2024,Final,2,5.28,5.29,5.48,5.28,5.31,5.28,5.28
Xuanyi Geng,Kunshan Open 2024,Second round,2,5.38,5.97,5.65,5.38,7.00,6.25,6.00
Xuanyi Geng,Kunshan Open 2024,First round,2,5.18,5.60,5.87,5.34,5.60,5.18,6.51
Xuanyi Geng,Xi'an Cherry Blossom 2024,Final,1,5.02,5.48,5.64,5.32,7.25,5.02,5.49
Xuanyi Geng,Xi'an Cherry Blossom 2024,Second round,1,4.94,5.38,5.68,4.94,5.92,5.38,5.07
Xuanyi Geng,Xi'an Cherry Blossom 2024,First round,1,4.22,5.14,5.48,4.97,5.80,4.22,4.96
Xuanyi Geng,Xuzhou Open 2024,Final,2,4.87,5.67,4.87,5.91,6.96,6.00,5.10
Xuanyi Geng,Xuzhou Open 2024,Second round,1,4.60,5.35,5.07,5.57,4.60,6.26,5.41
Xuanyi Geng,Xuzhou Open 2024,First round,3,4.93,5.70,5.02,4.93,6.63,5.93,6.15
Xuanyi Geng,Luoyang Spring 2024,Final,,5.22,6.21,5.22,7.02,6.37,6.56,5.70
Xuanyi Geng,Luoyang Spring 2024,Second round,3,5.14,5.93,6.03,6.01,5.14,6.81,5.74
Xuanyi Geng,Luoyang Spring 2024,First round,2,4.93,5.54,6.25,5.02,6.18,5.42,4.93
Matty Hiroto Inaba,Hawai'i Big Island Winter 2025,Final,1,4.63,5.77,4.63,6.26,7.42,6.34,4.70
Matty Hiroto Inaba,Hawai'i Big Island Winter 2025,Second round,1,4.72,5.34,5.55,5.59,5.22,5.24,4.72
Matty Hiroto Inaba,Hawai'i Big Island Winter 2025,First round,1,4.93,5.70,4.93,6.38,6.65,5.53,5.18
Matty Hiroto Inaba,Honolulu Ho'oilo 2025,Final,1,4.98,5.48,6.67,5.88,4.98,5.35,5.20
Matty Hiroto Inaba,Honolulu Ho'oilo 2025,Second round,1,5.11,5.60,5.94,5.27,6.18,5.11,5.60
Matty Hiroto Inaba,Honolulu Ho'oilo 2025,First round,1,5.07,6.01,8.35,6.34,5.65,6.04,5.07
Matty Hiroto Inaba,Tacoma Winter 2025,Final,1,5.28,6.60,6.39,6.52,6.90,5.28,8.16
Matty Hiroto Inaba,Tacoma Winter 2025,Second round,1,5.02,5.23,5.27,5.38,6.43,5.02,5.04
Matty Hiroto Inaba,Tacoma Winter 2025,First round,1,4.95,5.79,4.95,5.27,6.58,5.68,6.41
Matty Hiroto Inaba,Couve Cubing Fall 2024,Final,1,4.76,5.06,4.76,6.21,4.88,5.24,5.06
Matty Hiroto Inaba,Couve Cubing Fall 2024,Second round,1,5.28,5.66,5.33,5.80,5.85,6.38,5.28
Matty Hiroto Inaba,Couve Cubing Fall 2024,First round,1,4.99,6.73,4.99,6.01,7.04,7.96,7.15
Matty Hiroto Inaba,DFW Cubing Fall 2024,Final,1,4.75,5.83,5.36,6.22,4.75,5.92,7.03
Matty Hiroto Inaba,DFW Cubing Fall 2024,Semi Final,1,4.37,5.30,4.37,5.72,5.30,4.89,6.34
Matty Hiroto Inaba,DFW Cubing Fall 2024,Second round,1,4.68,5.87,7.11,6.29,5.62,5.71,4.68
Matty Hiroto Inaba,DFW Cubing Fall 2024,First round,1,5.31,6.27,7.00,6.71,5.87,6.23,5.31
Matty Hiroto Inaba,Honolulu Ha'ulelau 2024,Final,1,4.76,6.27,4.76,5.64,8.07,6.89,6.27
Matty Hiroto Inaba,Honolulu Ha'ulelau 2024,Second round,1,5.53,5.93,6.25,5.81,5.53,6.31,5.72
Matty Hiroto Inaba,Honolulu Ha'ulelau 2024,First round,1,5.72,6.18,6.39,5.84,6.31,8.45,5.72
Matty Hiroto Inaba,CubingUSA Southern Championship 2024,Final,1,5.58,6.08,5.58,5.76,6.56,5.93,6.64
Matty Hiroto Inaba,CubingUSA Southern Championship 2024,Semi Final,2,4.77,6.45,5.71,6.93,7.67,4.77,6.72
Matty Hiroto Inaba,CubingUSA Southern Championship 2024,Second round,1,4.21,5.11,4.78,4.28,8.01,6.27,4.21
Matty Hiroto Inaba,CubingUSA Southern Championship 2024,First round,1,5.14,5.89,5.70,6.68,5.30,6.86,5.14
Matty Hiroto Inaba,Rubik's WCA North American Championship 2024,Final,4,5.02,6.19,6.64,6.50,5.02,5.82,6.25
Matty Hiroto Inaba,Rubik's WCA North American Championship 2024,Semi Final,6,5.73,6.39,6.59,5.73,6.26,7.32,6.31
Matty Hiroto Inaba,Rubik's WCA North American Championship 2024,Second round,5,4.20,5.95,4.20,6.20,5.89,5.75,8.73
Matty Hiroto Inaba,Rubik's WCA North American Championship 2024,First round,6,5.27,5.91,5.68,6.00,6.05,6.55,5.27
Matty Hiroto Inaba,Rubik's North America All-Stars 2024,Final,2,4.76,5.35,4.76,5.42,5.45,5.18,8.07
Matty Hiroto Inaba,Rubik's North America All-Stars 2024,Second round,4,4.88,5.88,5.49,6.70,6.54,5.62,4.88
Matty Hiroto Inaba,Rubik's North America All-Stars 2024,First round,7,5.76,6.55,5.76,6.59,6.58,6.90,6.49
Matty Hiroto Inaba,CubingUSA Northwest Championship 2024,Final,1,4.36,5.36,5.10,5.22,6.29,5.76,4.36
Matty Hiroto Inaba,CubingUSA Northwest Championship 2024,Semi Final,1,5.07,5.53,5.57,5.52,5.50,6.93,5.07
Matty Hiroto Inaba,CubingUSA Northwest Championship 2024,Second round,1,4.26,5.14,5.13,4.26,4.73,5.57,6.63
Matty Hiroto Inaba,CubingUSA Northwest Championship 2024,First round,1,4.39,5.95,4.39,4.46,6.48,7.05,6.90
Matty Hiroto Inaba,Bay Area Speedcubin' 63-Atherton 2024,Final,1,3.59,5.51,4.77,5.78,6.72,5.99,3.59
Matty Hiroto Inaba,Bay Area Speedcubin' 63-Atherton 2024,Semi Final,1,4.53,5.69,5.88,5.62,5.58,4.53,6.47
Matty Hiroto Inaba,Bay Area Speedcubin' 63-Atherton 2024,Second round,1,3.76,5.38,3.76,5.72,5.44,5.15,5.54
Matty Hiroto Inaba,Bay Area Speedcubin' 63-Atherton 2024,First round,3,6.13,7.10,7.96,7.39,7.67,6.25,6.13
Matty Hiroto Inaba,New Jersey Championship 2024,Final,1,5.20,5.78,5.90,5.56,6.77,5.20,5.89
Matty Hiroto Inaba,New Jersey Championship 2024,Semi Final,1,5.08,5.50,5.08,5.64,5.22,5.65,7.84
Matty Hiroto Inaba,New Jersey Championship 2024,Second round,1,4.49,5.55,5.46,5.67,4.49,7.30,5.52
Matty Hiroto Inaba,New Jersey Championship 2024,First round,1,4.72,5.19,5.21,5.81,5.35,5.00,4.72
Matty Hiroto Inaba,Honolulu Kupulau 2024,Final,1,4.79,5.68,5.10,4.79,6.10,5.83,7.70
Matty Hiroto Inaba,Honolulu Kupulau 2024,Second round,1,4.54,5.51,5.59,5.84,5.77,5.16,4.54
Matty Hiroto Inaba,Honolulu Kupulau 2024,First round,1,6.49,6.71,6.49,6.68,7.00,6.68,6.77
Matty Hiroto Inaba,Lakewood Newcomers 2024,Final,2,5.59,6.61,5.93,6.70,7.25,5.59,7.19
Matty Hiroto Inaba,Lakewood Newcomers 2024,Second round,1,4.68,5.56,6.42,5.06,5.62,4.68,6.01
Matty Hiroto Inaba,Lakewood Newcomers 2024,First round,2,5.08,6.41,5.08,DNF,5.98,6.00,7.26
Matty Hiroto Inaba,Hawai'i Big Island Winter 2024,Final,1,4.61,5.80,4.61,6.05,5.85,6.74,5.50
Matty Hiroto Inaba,Hawai'i Big Island Winter 2024,Second round,1,4.60,5.10,5.13,5.70,4.95,4.60,5.21
Matty Hiroto Inaba,Hawai'i Big Island Winter 2024,First round,1,5.45,6.24,5.45,7.88,5.77,5.83,7.11
Matty Hiroto Inaba,Honolulu Li'ili'i a 'Ike Maka 2024,Final,1,5.22,5.86,5.80,6.04,5.74,5.22,6.12
Matty Hiroto Inaba,Honolulu Li'ili'i a 'Ike Maka 2024,Second round,1,4.05,5.89,6.81,5.88,6.30,5.49,4.05
Matty Hiroto Inaba,Honolulu Li'ili'i a 'Ike Maka 2024,First round,2,5.54,6.08,6.47,5.96,6.48,5.54,5.82
Matty Hiroto Inaba,Bay Area Speedcubin' 55-San Ramon 2024,Final,1,4.60,5.41,5.17,6.02,4.60,5.16,5.91
Matty Hiroto Inaba,Bay Area Speedcubin' 55-San Ramon 2024,Second round,1,4.34,5.60,4.34,7.09,5.56,5.19,6.05
Matty Hiroto Inaba,Bay Area Speedcubin' 55-San Ramon 2024,First round,1,4.35,5.33,4.77,6.70,4.35,6.63,4.60
Matty Hiroto Inaba,UCSD Extravaganza 2023,Final,1,4.87,5.66,5.41,5.66,5.98,5.91,4.87
Matty Hiroto Inaba,UCSD Extravaganza 2023,Second round,2,5.13,6.08,5.92,6.32,6.74,5.13,6.00
Matty Hiroto Inaba,UCSD Extravaganza 2023,First round,1,5.22,5.98,DNF,5.69,6.50,5.74,5.22
Matty Hiroto Inaba,Ho'oholo in Honolulu 2023,Final,1,5.11,5.60,5.83,5.13,5.85,6.84,5.11
Matty Hiroto Inaba,Ho'oholo in Honolulu 2023,Second round,1,4.68,5.63,6.07,5.93,5.23,4.68,5.72
Matty Hiroto Inaba,Ho'oholo in Honolulu 2023,First round,1,5.30,6.39,6.75,7.07,6.93,5.48,5.30
Matty Hiroto Inaba,Oregon Championship 2023,Final,1,5.68,6.06,6.01,6.22,5.97,6.19,5.68
Matty Hiroto Inaba,Oregon Championship 2023,Second round,1,4.84,5.75,6.32,5.04,6.99,4.84,5.89
Matty Hiroto Inaba,Oregon Championship 2023,First round,1,4.92,6.41,4.92,6.67,7.93,6.26,6.30
Matty Hiroto Inaba,Rubik's WCA World Championship 2023,Final,6,4.72,5.90,6.49,6.17,5.43,6.10,4.72
Matty Hiroto Inaba,Rubik's WCA World Championship 2023,Semi Final,3,4.94,5.51,6.01,5.18,4.94,5.87,5.49
Matty Hiroto Inaba,Rubik's WCA World Championship 2023,Second round,5,5.00,5.78,7.46,5.17,5.00,5.78,6.38
Matty Hiroto Inaba,Rubik's WCA World Championship 2023,First round,2,4.65,5.16,5.15,6.44,5.30,5.04,4.65
Matty Hiroto Inaba,CubingUSA Nationals 2023,Final,4,5.76,6.27,5.76,6.48,6.56,5.86,6.46
Matty Hiroto Inaba,CubingUSA Nationals 2023,Semi Final,1,4.72,5.63,4.72,5.82,5.52,5.54,6.19
Matty Hiroto Inaba,CubingUSA Nationals 2023,Second round,3,4.42,6.06,6.41,6.18,5.89,4.42,6.12
Matty Hiroto Inaba,CubingUSA Nationals 2023,First round,2,5.10,6.09,8.81,6.01,6.49,5.10,5.76
Matty Hiroto Inaba,Canadian Championship 2023,Final,2,5.64,6.39,6.48,5.91,6.78,5.64,8.72
Matty Hiroto Inaba,Canadian Championship 2023,Semi Final,1,4.95,5.57,4.95,5.78,5.89,5.32,5.61
Matty Hiroto Inaba,Canadian Championship 2023,Second round,1,5.72,6.34,6.50,6.78,6.22,5.72,6.30
Matty Hiroto Inaba,Canadian Championship 2023,First round,1,4.88,6.27,6.53,10.11,5.33,6.95,4.88
Tymon Kolasinski,Hvidovre NxN 2025,Final,1,4.69,5.78,7.14,5.36,5.65,4.69,6.33
Tymon Kolasinski,Hvidovre NxN 2025,Second round,1,4.65,5.28,6.32,5.36,5.10,5.39,4.65
Tymon Kolasinski,Hvidovre NxN 2025,First round,1,5.24,5.62,9.33,6.25,5.29,5.24,5.31
Tymon Kolasinski,Pila Open 2025,Final,1,4.47,4.67,4.47,5.35,4.61,4.74,4.67
Tymon Kolasinski,Pila Open 2025,Second round,1,4.82,5.08,4.82,6.73,5.11,5.03,5.10
Tymon Kolasinski,Pila Open 2025,First round,1,4.71,5.20,6.10,4.71,5.25,5.11,5.25
Tymon Kolasinski,Olsztyn Open 2024,Final,1,5.17,5.83,5.17,5.62,6.40,5.67,6.19
Tymon Kolasinski,Olsztyn Open 2024,Second round,1,4.51,5.38,5.14,4.51,6.27,5.91,5.10
Tymon Kolasinski,Olsztyn Open 2024,First round,1,5.09,5.63,5.60,6.00,5.62,5.67,5.09
Tymon Kolasinski,Stevenage December 2024,Final,1,4.23,4.90,6.03,4.88,4.59,5.23,4.23
Tymon Kolasinski,Stevenage December 2024,Semi Final,1,4.30,5.68,4.30,6.44,5.62,6.62,4.99
Tymon Kolasinski,Stevenage December 2024,Second round,1,4.23,4.92,5.79,4.45,4.72,4.23,5.60
Tymon Kolasinski,Stevenage December 2024,First round,1,4.10,5.03,5.49,4.10,5.66,4.57,5.04
Tymon Kolasinski,Polish Championship 2024,Final,1,4.74,5.07,5.21,4.97,5.02,5.81,4.74
Tymon Kolasinski,Polish Championship 2024,Semi Final,1,4.39,5.06,5.17,4.39,6.40,5.09,4.93
Tymon Kolasinski,Polish Championship 2024,Second round,1,4.88,5.13,8.21,5.09,5.03,4.88,5.26
Tymon Kolasinski,Polish Championship 2024,First round,2,5.78,6.25,6.39,6.90,6.27,6.09,5.78
Tymon Kolasinski,Rubik's WCA Asian Championship 2024,Final,3,4.73,5.32,5.12,4.73,5.47,5.38,7.14
Tymon Kolasinski,Rubik's WCA Asian Championship 2024,Semi Final,3,4.55,5.39,5.79,5.10,5.29,5.95,4.55
Tymon Kolasinski,Rubik's WCA Asian Championship 2024,Second round,4,5.14,5.29,5.29,5.14,5.34,6.15,5.24
Tymon Kolasinski,Rubik's WCA Asian Championship 2024,First round,2,4.63,4.86,4.80,4.63,4.93,5.26,4.85
Tymon Kolasinski,CubingUSA Great Lakes Championship 2024,Final,1,4.49,5.21,4.49,4.96,5.10,5.57,6.65
Tymon Kolasinski,CubingUSA Great Lakes Championship 2024,Semi Final,1,4.79,5.43,5.52,6.60,5.45,4.79,5.33
Tymon Kolasinski,CubingUSA Great Lakes Championship 2024,Second round,1,4.63,4.97,4.63,4.65,5.37,4.88,6.47
Tymon Kolasinski,CubingUSA Great Lakes Championship 2024,First round,2,5.15,5.61,6.43,5.73,5.15,5.42,5.68
Tymon Kolasinski,DuPage Fall 2024,Final,1,5.24,5.87,6.51,5.33,6.97,5.24,5.76
Tymon Kolasinski,DuPage Fall 2024,Semi Final,1,4.17,5.18,5.69,5.32,4.17,4.57,5.64
Tymon Kolasinski,DuPage Fall 2024,Second round,1,4.20,5.41,4.20,4.88,5.89,5.47,5.90
Tymon Kolasinski,DuPage Fall 2024,First round,2,5.32,5.95,5.79,5.32,6.18,7.26,5.87
Tymon Kolasinski,Szansa Cubing Open Warsaw 2024,Final,1,4.83,5.63,5.66,4.87,4.83,6.37,9.15
Tymon Kolasinski,Szansa Cubing Open Warsaw 2024,Second round,1,4.64,5.15,4.64,5.00,5.25,5.68,5.21
Tymon Kolasinski,Szansa Cubing Open Warsaw 2024,First round,1,4.92,5.11,6.98,5.16,4.92,5.21,4.95
Tymon Kolasinski,Kewbz UK Open 2024,Final,1,4.28,5.25,4.28,4.88,5.92,5.74,5.14
Tymon Kolasinski,Kewbz UK Open 2024,Semi Final,1,4.03,5.00,5.29,4.86,5.55,4.84,4.03
Tymon Kolasinski,Kewbz UK Open 2024,Second round,1,4.20,4.79,4.88,4.20,5.80,4.96,4.54
Tymon Kolasinski,Kewbz UK Open 2024,First round,1,5.10,5.77,5.78,5.96,5.81,5.10,5.71
Tymon Kolasinski,Rubik's WCA European Championship 2024,Final,1,5.42,5.92,5.79,5.42,6.07,6.43,5.89
Tymon Kolasinski,Rubik's WCA European Championship 2024,Semi Final,1,4.62,5.25,5.14,5.18,5.80,4.62,5.42
Tymon Kolasinski,Rubik's WCA European Championship 2024,Second round,1,5.08,5.75,5.28,6.20,5.08,5.78,6.43
Tymon Kolasinski,Rubik's WCA European Championship 2024,First round,1,4.95,5.84,5.43,5.45,6.63,6.82,4.95
Tymon Kolasinski,Rubik's WCA North American Championship 2024,Final,1,4.64,4.94,4.92,8.94,4.64,5.09,4.81
Tymon Kolasinski,Rubik's WCA North American Championship 2024,Semi Final,1,4.37,5.02,4.37,5.18,5.06,5.32,4.81
Tymon Kolasinski,Rubik's WCA North American Championship 2024,Second round,1,4.83,5.38,5.59,4.83,6.27,5.35,5.19
Tymon Kolasinski,Rubik's WCA North American Championship 2024,First round,1,4.46,4.79,4.94,4.97,5.21,4.46,4.47
Tymon Kolasinski,Rubik's North America All-Stars 2024,Final,1,3.92,4.90,4.38,5.30,3.92,6.80,5.01
Tymon Kolasinski,Rubik's North America All-Stars 2024,Second round,3,4.82,5.82,6.33,4.82,6.08,6.02,5.36
Tymon Kolasinski,Rubik's North America All-Stars 2024,First round,1,4.14,5.59,6.57,4.87,5.83,6.07,4.14
Tymon Kolasinski,Oslo Open 2024,Final,1,4.79,5.29,5.90,5.22,4.80,5.85,4.79
Tymon Kolasinski,Oslo Open 2024,Semi Final,1,5.28,5.53,5.48,6.25,5.72,5.28,5.38
Tymon Kolasinski,Oslo Open 2024,Second round,1,4.81,5.77,5.71,6.36,5.49,6.10,4.81
Tymon Kolasinski,Oslo Open 2024,First round,1,4.00,5.39,6.78,4.47,5.94,4.00,5.75
Tymon Kolasinski,Gniezno Open 2024,Final,1,4.88,5.61,5.70,4.88,5.90,5.74,5.40
Tymon Kolasinski,Gniezno Open 2024,Second round,1,4.92,6.13,6.43,6.52,5.78,6.19,4.92
Tymon Kolasinski,Gniezno Open 2024,First round,2,4.89,6.24,6.45,6.02,7.75,6.25,4.89
Tymon Kolasinski,Cube4fun in Bechatw 2024,Final,1,3.79,4.74,3.79,4.37,4.85,5.33,5.01
Tymon Kolasinski,Cube4fun in Bechatw 2024,Second round,1,5.11,5.47,5.90,5.63,5.12,5.11,5.67
Tymon Kolasinski,Cube4fun in Bechatw 2024,First round,1,5.30,5.59,6.02,5.86,5.49,5.30,5.42
Tymon Kolasinski,Cube4fun in Biaa Rawska 2024,Final,1,4.28,5.36,5.08,5.81,7.01,4.28,5.19
Tymon Kolasinski,Cube4fun in Biaa Rawska 2024,Second round,1,4.41,4.90,4.99,6.55,4.47,5.23,4.41
Tymon Kolasinski,Cube4fun in Biaa Rawska 2024,First round,1,4.94,5.19,5.62,4.99,4.95,6.67,4.94
Tymon Kolasinski,Stevenage May 2024,Final,1,5.11,5.57,6.61,5.68,5.11,5.61,5.43
Tymon Kolasinski,Stevenage May 2024,Semi Final,1,4.62,5.47,5.87,5.49,5.81,5.10,4.62
Tymon Kolasinski,Stevenage May 2024,Second round,1,5.26,5.33,5.35,5.96,5.26,5.31,5.32
Tymon Kolasinski,Stevenage May 2024,First round,1,4.78,5.41,5.25,5.81,4.78,5.99,5.17
Tymon Kolasinski,Stevenage April 2024,Final,1,4.14,5.15,4.14,5.16,4.94,5.36,5.99
Tymon Kolasinski,Stevenage April 2024,Second round,1,4.58,5.09,4.58,5.44,4.80,5.03,5.50
Tymon Kolasinski,Stevenage April 2024,First round,1,4.13,4.84,4.13,5.18,4.17,5.16,5.27
Tymon Kolasinski,Ohio State RPAC Cube Clash 2024,Final,1,4.50,5.22,5.72,6.42,4.90,4.50,5.03
Tymon Kolasinski,Ohio State RPAC Cube Clash 2024,Semi Final,2,4.26,5.66,4.55,5.81,6.62,6.68,4.26
Tymon Kolasinski,Ohio State RPAC Cube Clash 2024,Second round,2,4.98,5.68,5.45,7.10,6.30,5.28,4.98
Tymon Kolasinski,Ohio State RPAC Cube Clash 2024,First round,1,3.82,5.16,4.72,3.82,5.43,5.79,5.33
Tymon Kolasinski,Glasgow Spring 2024,Final,1,4.88,5.77,5.50,5.96,5.85,6.83,4.88
Tymon Kolasinski,Glasgow Spring 2024,Second round,1,5.34,6.00,5.77,5.34,5.51,8.78,6.72
Tymon Kolasinski,Glasgow Spring 2024,First round,1,4.61,5.38,6.00,5.72,4.82,5.61,4.61
Tymon Kolasinski,Flatsen Open 2024,Final,1,5.05,5.51,7.25,5.08,5.80,5.65,5.05
Tymon Kolasinski,Flatsen Open 2024,Second round,1,5.44,6.24,5.44,6.30,6.86,5.57,6.93
Tymon Kolasinski,Flatsen Open 2024,First round,1,3.66,5.41,4.39,6.52,7.60,5.31,3.66
Tymon Kolasinski,Melbourne Summer 2024,Final,1,5.34,5.81,5.46,5.34,6.03,5.93,6.97
Tymon Kolasinski,Melbourne Summer 2024,Semi Final,1,4.88,5.73,6.26,6.51,5.45,5.47,4.88
Tymon Kolasinski,Melbourne Summer 2024,Second round,1,3.67,5.28,3.67,4.63,5.61,6.89,5.59
Tymon Kolasinski,Melbourne Summer 2024,First round,1,4.71,5.51,5.39,4.71,6.27,8.63,4.88
Aidan Grainger,Chichester January 2025,Final,5,7.39,8.61,9.02,7.39,8.64,8.17,9.69
Aidan Grainger,Chichester January 2025,Second round,3,7.52,7.96,8.02,7.52,8.84,7.85,8.01
Aidan Grainger,Chichester January 2025,First round,1,6.42,7.75,9.18,7.30,8.23,6.42,7.73
Aidan Grainger,Wiltshire November 2024,Final,6,7.78,8.81,8.82,9.24,7.78,8.37,9.91
Aidan Grainger,Wiltshire November 2024,Second round,4,7.78,8.50,8.39,7.78,8.03,9.56,9.08
Aidan Grainger,Wiltshire November 2024,First round,5,6.49,8.93,8.18,9.25,9.36,10.18,6.49
Aidan Grainger,Weston-super-Mare Autumn 2024,Final,13,8.15,9.17,10.92,10.75,8.60,8.15,8.15
Aidan Grainger,Weston-super-Mare Autumn 2024,Second round,13,3.69,9.12,6.99,3.69,12.15,8.21,15.60
Aidan Grainger,Weston-super-Mare Autumn 2024,First round,4,6.88,8.17,10.39,8.08,6.88,7.24,9.20
Aidan Grainger,Rubik's UK Championship 2024,Semi Final,50,8.77,9.89,10.52,8.77,9.55,10.48,9.63
Aidan Grainger,Rubik's UK Championship 2024,Second round,38,8.12,9.21,10.35,9.02,9.39,8.12,9.23
Aidan Grainger,Rubik's UK Championship 2024,First round,23,7.03,8.41,12.59,7.03,9.45,8.36,7.42
Aidan Grainger,Hampshire Autumn 2024,Final,7,8.10,8.96,8.24,9.22,11.16,9.41,8.10
Aidan Grainger,Hampshire Autumn 2024,Second round,7,8.42,9.36,12.38,9.35,8.42,9.85,8.88
Aidan Grainger,Hampshire Autumn 2024,First round,7,8.03,9.33,9.38,10.55,11.61,8.03,8.05
Aidan Grainger,Wiltshire September 2024,Final,6,7.30,8.28,7.30,7.46,10.36,8.39,8.98
Aidan Grainger,Wiltshire September 2024,Second round,13,9.08,9.70,9.18,12.21,9.08,10.82,9.11
Aidan Grainger,Wiltshire September 2024,First round,7,7.27,9.03,8.57,16.33,7.27,9.71,8.80
Aidan Grainger,Kewbz UK Open 2024,Semi Final,18,7.27,8.35,8.29,7.27,9.04,DNF,7.71
Aidan Grainger,Kewbz UK Open 2024,Second round,31,8.40,9.00,12.32,8.40,9.30,9.04,8.67
Aidan Grainger,Kewbz UK Open 2024,First round,36,8.31,9.59,12.00,9.64,10.65,8.48,8.31
Aidan Grainger,Lincolnshire Summer 2024,Final,5,7.52,8.82,7.52,7.90,8.05,DNF,10.51
Aidan Grainger,Lincolnshire Summer 2024,Second round,11,8.09,9.48,9.00,8.09,10.39,11.55,9.05
Aidan Grainger,Lincolnshire Summer 2024,First round,8,8.53,9.16,9.09,9.10,8.53,9.28,DNF
Aidan Grainger,Rubik's WCA European Championship 2024,Second round,217,7.74,9.75,10.04,9.34,9.86,10.11,7.74
Aidan Grainger,Rubik's WCA European Championship 2024,First round,298,6.50,10.18,9.03,11.59,6.50,10.68,10.83
Aidan Grainger,Chichester Summer 2024,Second round,5,8.40,8.88,9.15,8.43,14.06,8.40,9.07
Aidan Grainger,Chichester Summer 2024,First round,7,7.39,9.24,7.88,10.76,9.14,7.39,10.71
Aidan Grainger,Bolton Summer 2024,Final,6,7.49,8.33,7.49,8.08,9.16,9.57,7.75
Aidan Grainger,Bolton Summer 2024,Second round,12,8.24,9.67,9.58,9.48,14.58,9.94,8.24
Aidan Grainger,Bolton Summer 2024,First round,9,7.52,9.13,8.97,7.52,9.98,8.77,9.65
Aidan Grainger,Manchester Spring 2024,Final,5,7.37,8.62,8.78,8.00,9.19,7.37,9.08
Aidan Grainger,Manchester Spring 2024,Second round,10,8.50,9.06,9.17,8.60,8.50,9.40,11.73
Aidan Grainger,Manchester Spring 2024,First round,11,8.07,9.69,9.18,8.07,10.83,9.07,12.81
Aidan Grainger,Wiltshire March 2024,Final,6,7.65,8.81,9.16,7.65,DNF,8.89,8.37
Aidan Grainger,Wiltshire March 2024,Semi Final,22,9.43,11.00,9.43,15.26,10.29,11.57,11.15
Aidan Grainger,Wiltshire March 2024,Second round,13,7.19,9.22,10.53,7.19,11.30,8.21,8.92
Aidan Grainger,Wiltshire March 2024,First round,11,7.54,9.40,14.72,7.54,9.53,7.70,10.97
Aidan Grainger,Wiltshire February 2024,Final,13,8.21,10.24,10.22,12.99,8.21,11.57,8.94
Aidan Grainger,Wiltshire February 2024,Second round,6,8.15,9.41,8.15,8.66,9.53,10.04,10.14
Aidan Grainger,Wiltshire February 2024,First round,11,8.55,9.82,8.55,12.44,9.56,9.98,9.93
Aidan Grainger,Bristol Winter 2024,Final,6,7.05,8.99,9.61,7.51,9.84,11.25,7.05
Aidan Grainger,Bristol Winter 2024,Second round,8,7.49,9.57,10.03,9.81,7.49,9.24,9.65
Aidan Grainger,Bristol Winter 2024,First round,8,8.70,9.92,8.90,10.39,10.48,12.44,8.70
Aidan Grainger,Stevenage January 2024,Final,7,7.89,9.04,8.60,9.74,12.62,7.89,8.78
Aidan Grainger,Stevenage January 2024,Semi Final,8,7.41,8.79,9.38,8.51,7.41,11.64,8.49
Aidan Grainger,Stevenage January 2024,Second round,7,6.28,9.02,10.59,8.93,6.28,9.69,8.43
Aidan Grainger,Stevenage January 2024,First round,10,8.60,9.36,8.95,8.60,9.42,9.72,9.99
Aidan Grainger,Wiltshire December 2023,Final,4,7.15,8.98,7.15,8.91,9.28,8.75,9.54
Aidan Grainger,Wiltshire December 2023,Second round,2,6.74,8.18,7.45,9.03,6.74,11.89,8.05
Aidan Grainger,Wiltshire December 2023,First round,28,9.87,12.18,9.87,14.62,10.59,12.11,13.84
Aidan Grainger,Weston-super-Mare Autumn 2023,Final,6,8.04,9.11,8.99,8.30,10.04,8.04,12.78
Aidan Grainger,Weston-super-Mare Autumn 2023,Second round,9,7.48,9.74,7.48,10.62,10.46,9.95,8.80
Aidan Grainger,Weston-super-Mare Autumn 2023,First round,5,8.05,8.93,8.05,10.87,9.04,9.65,8.10
Aidan Grainger,Wakefield Autumn 2023,Final,8,8.45,9.00,10.34,9.64,8.90,8.45,8.45
Aidan Grainger,Wakefield Autumn 2023,Semi Final,10,5.69,8.78,10.10,5.69,8.96,8.68,8.69
Aidan Grainger,Wakefield Autumn 2023,Second round,15,8.64,9.38,9.19,9.43,8.64,10.10,9.52
Aidan Grainger,Wakefield Autumn 2023,First round,11,8.76,9.82,11.18,10.08,10.27,8.76,9.10
Aidan Grainger,Wiltshire Autumn 2023,Final,15,9.64,10.14,9.77,12.27,9.74,9.64,10.92
Aidan Grainger,Wiltshire Autumn 2023,Semi Final,5,8.22,8.76,12.32,9.17,8.25,8.87,8.22
Aidan Grainger,Wiltshire Autumn 2023,Second round,17,9.18,9.81,9.47,9.54,9.18,10.42,13.79
Aidan Grainger,Wiltshire Autumn 2023,First round,12,8.38,9.44,10.36,9.61,8.38,9.27,9.44
Aidan Grainger,Harrow Autumn 2023,Final,4,7.32,8.39,10.31,8.29,8.13,8.75,7.32
Aidan Grainger,Harrow Autumn 2023,Second round,5,8.68,9.25,8.98,9.62,8.68,9.77,9.14
Aidan Grainger,Harrow Autumn 2023,First round,8,9.47,9.82,9.80,9.98,9.73,9.47,9.93
Aidan Grainger,North Wales Summer 2023,Final,2,6.61,8.90,8.97,11.48,6.61,9.11,8.62
Aidan Grainger,North Wales Summer 2023,Second round,6,8.53,9.02,8.96,9.37,8.73,10.74,8.53
Aidan Grainger,North Wales Summer 2023,First round,7,9.41,10.25,11.09,9.64,10.02,9.41,11.33
Aidan Grainger,Bristol Summer 2023,Final,6,9.25,10.34,9.63,9.25,11.38,10.00,13.61
Aidan Grainger,Bristol Summer 2023,Second round,2,8.24,8.93,10.80,8.81,8.31,9.66,8.24
Aidan Grainger,Bristol Summer 2023,First round,3,8.44,9.57,9.12,9.87,8.44,9.73,15.05
Aidan Grainger,Wiltshire Summer 2023,Final,3,7.71,8.88,9.60,8.77,7.71,8.26,11.26
Aidan Grainger,Wiltshire Summer 2023,Semi Final,8,7.80,9.85,10.02,7.80,12.03,8.81,10.72
Aidan Grainger,Wiltshire Summer 2023,Second round,7,7.74,9.43,9.27,9.35,10.17,7.74,9.67
Aidan Grainger,Wiltshire Summer 2023,First round,10,9.65,10.16,9.83,9.82,11.00,10.84,9.65
Aidan Grainger,Exeter Summer 2023,Final,6,8.37,9.74,12.13,9.31,10.93,8.97,8.37
Aidan Grainger,Exeter Summer 2023,Second round,6,9.65,10.89,12.49,9.79,10.53,9.65,12.36
Aidan Grainger,Exeter Summer 2023,First round,5,8.40,9.84,8.94,8.40,11.06,9.53,11.80